timestamp,temperature,current,voltage,humidity,motion
2026-01-01 00:00:00,39.69698863612763,2.039737132240899,229.18978607003075,53.7047595925526,0
2026-01-01 00:10:00,39.56696522315859,1.9969383225836383,229.8640766185865,55.00319393326221,0
2026-01-01 00:20:00,40.24499279780385,2.067810816722709,229.12408828254416,55.12701864153333,0
2026-01-01 00:30:00,41.50237464559543,2.14582799110442,229.74291979909952,55.858923019777585,0
2026-01-01 00:40:00,40.190238368519545,2.0132336076098025,227.8775999074675,53.14965912601193,0
2026-01-01 00:50:00,41.06704685981233,2.0212024101027968,230.44333040237467,56.13874675712439,0
2026-01-01 01:00:00,42.13768717851585,2.174221908156159,230.22623569225289,51.24323258499306,0
2026-01-01 01:10:00,40.61361529985809,2.1172120241899273,229.28165880998455,54.40488740814195,0
2026-01-01 01:20:00,41.47420075323637,2.026169331770902,231.09059505205937,54.66716270616855,0
2026-01-01 01:30:00,41.201400237876065,2.115016632857207,231.46187270146174,56.39938298509691,0
2026-01-01 01:40:00,40.919755199373014,2.0423943168930276,228.44495236291291,55.533113362249445,0
2026-01-01 01:50:00,41.409981671476174,2.050033468946727,229.49593168920168,53.44054692340144,0
2026-01-01 02:00:00,42.05476915051388,2.1144380322961362,229.52534357767604,54.121071347719074,0
2026-01-01 02:10:00,40.749625307200205,1.9497698011842381,229.35747360181728,55.946190727419584,0
2026-01-01 02:20:00,40.636913695409724,1.9725488328246028,231.51769422309889,55.579114560424344,0
2026-01-01 02:30:00,40.95125161845436,2.073225080325258,230.32661852375944,54.87850449791438,0
2026-01-01 02:40:00,42.78237416539153,2.044800134619693,230.27859018281245,55.07534034880326,0
2026-01-01 02:50:00,42.80240087791604,2.1585346234639475,228.2280781321592,56.89016374107391,0
2026-01-01 03:00:00,41.52405273619425,2.0682677672683387,231.4318207226463,55.1186090078253,0
2026-01-01 03:10:00,41.9512021967559,2.0353838916583697,229.21871054977345,55.812157608838895,0
2026-01-01 03:20:00,44.346400092270144,2.2730192384371843,230.81413103408315,59.24825153609612,0
2026-01-01 03:30:00,42.959051544391976,2.1450420771849052,231.11133948838346,53.90677554390461,0
2026-01-01 03:40:00,44.83630457753423,2.1757780424014337,232.44743112587472,53.313384018042356,0
2026-01-01 03:50:00,41.596210046682074,2.063599387889131,229.28008269399078,57.31527211487385,0
2026-01-01 04:00:00,42.54006795244182,2.1411610522545783,227.26314603299903,55.17054854019452,0
2026-01-01 04:10:00,43.60066091986921,2.2006440226184707,231.1429349974456,55.75966350465868,0
2026-01-01 04:20:00,43.18400537466338,2.1066725689437105,233.11853977538402,55.1136681922641,0
2026-01-01 04:30:00,42.97014592259432,2.235710238128899,232.48012312088372,55.94395697229288,0
2026-01-01 04:40:00,41.83548152809934,2.164423383974849,231.2802847206959,58.779585410965076,0
2026-01-01 04:50:00,43.21965299471541,2.1958740747332874,230.4738751933635,57.63295381345136,0
2026-01-01 05:00:00,42.31065253695298,2.1777204603796623,232.06736470322292,57.77093630113716,0
2026-01-01 05:10:00,45.63288083714579,2.380596318975637,229.96536943073653,54.40095259852825,0
2026-01-01 05:20:00,44.60952903536336,2.237798398565922,231.7398843501534,54.84610219825128,0
2026-01-01 05:30:00,42.74905393922415,2.1606298664729016,231.80926683699886,52.3615971527462,0
2026-01-01 05:40:00,44.294634001847925,2.3173208025756424,232.50921423422892,55.45336422907994,0
2026-01-01 05:50:00,43.49459139566804,2.160019582897395,234.58262081830512,58.14954381685574,0
2026-01-01 06:00:00,45.53512019576014,2.28046295638897,231.7757957629482,57.536790939998006,0
2026-01-01 06:10:00,41.77426425579903,2.112941554740876,230.72780419476726,56.475807265396625,0
2026-01-01 06:20:00,44.25072799028006,2.1693136941323456,231.34132616690647,56.82115192148783,0
2026-01-01 06:30:00,45.82068102826132,2.2970606665496938,229.28236467698477,55.8676137617527,0
2026-01-01 06:40:00,46.54264938971195,2.346019762759442,230.60462085850574,57.25423003514593,0
2026-01-01 06:50:00,46.28788520881502,2.306167794385956,230.97993381524273,58.14186405914303,0
2026-01-01 07:00:00,46.80365431847738,2.2886053853972843,230.87473293649987,54.61497208418214,0
2026-01-01 07:10:00,44.93599899362708,2.2790487295109676,231.718796192968,57.533825543902076,0
2026-01-01 07:20:00,44.2308901379956,2.1900137923301934,230.58115776793332,58.528349631762,0
2026-01-01 07:30:00,44.68842220965563,2.2557432271794164,232.94514482139743,56.552177237111096,0
2026-01-01 07:40:00,45.3256875717472,2.2813895463377634,231.63175284995276,58.27079145300848,0
2026-01-01 07:50:00,47.948001642150636,2.407593018259559,231.6516854188886,61.48641309360417,0
2026-01-01 08:00:00,45.34022099670021,2.355166090485876,231.3004537603696,57.152381688227074,0
2026-01-01 08:10:00,43.74634840105073,2.1911557357677696,231.91097318403294,57.943090015863774,0
2026-01-01 08:20:00,47.40450421605129,2.3625151114747425,232.74540973642254,56.29004206752892,0
2026-01-01 08:30:00,46.55944211295826,2.31003662634644,230.74500875461197,57.71276297831761,0
2026-01-01 08:40:00,45.39475325041351,2.290807930872859,231.02581943031782,58.174808126692135,0
2026-01-01 08:50:00,47.56570626439466,2.397876296045264,231.48079850898523,57.81993021642944,0
2026-01-01 09:00:00,47.68855598197746,2.435263084553655,230.25964684201523,56.041136978702276,0
2026-01-01 09:10:00,48.48157608759428,2.4309853535538704,230.92071180838,57.92297880164148,0
2026-01-01 09:20:00,45.85912832354831,2.292902775012791,231.36118801345947,59.84922489768087,0
2026-01-01 09:30:00,47.106817186897516,2.338716408378256,233.0104499271267,58.371113890441634,0
2026-01-01 09:40:00,48.92404822051931,2.3932223180209915,232.30447992279235,59.18310046756713,0
2026-01-01 09:50:00,48.18051672101435,2.4478860151329966,232.24962679865843,57.42628715954498,0
2026-01-01 10:00:00,46.466311193326554,2.3344816953592673,233.06599383467156,58.94806272611074,0
2026-01-01 10:10:00,47.28348148323281,2.3607870243945217,231.90734799503497,58.283239057827195,0
2026-01-01 10:20:00,45.700163978263426,2.289806801859333,232.56770604595448,56.47880970815568,0
2026-01-01 10:30:00,47.60081219266149,2.2851396067097527,232.00190821980678,58.42350529690965,0
2026-01-01 10:40:00,48.041011145386406,2.448208409907226,232.47050309197812,56.49843221165149,0
2026-01-01 10:50:00,48.30089290786424,2.4939224764525427,231.47871557664823,57.076611616353006,0
2026-01-01 11:00:00,46.58852273341354,2.381725230320879,229.27706275680802,58.34957672080573,0
2026-01-01 11:10:00,49.02440410322036,2.4696764485094898,232.06778141828414,58.550796345252984,0
2026-01-01 11:20:00,48.295114233543714,2.4200767229779374,233.96113897874082,56.36011642247665,0
2026-01-01 11:30:00,46.41902055466502,2.341131831780534,233.38987234251945,59.763664567884156,0
2026-01-01 11:40:00,48.18011492501395,2.423091540436057,233.4611074882175,59.07909785363916,1
2026-01-01 11:50:00,47.89095357329364,2.5185036304579653,233.80984423842207,57.202076201691355,0
2026-01-01 12:00:00,47.603864498801876,2.393717256147878,232.45636983803618,55.9905461651836,0
2026-01-01 12:10:00,49.36368794261713,2.5227188378297787,232.60988575468912,58.11699130639634,0
2026-01-01 12:20:00,46.25836160552837,2.1887727294878765,231.65468001507523,57.70252398734898,0
2026-01-01 12:30:00,47.85867947697225,2.4647501949916397,232.0389558975496,58.5779044856962,0
2026-01-01 12:40:00,46.82653217763472,2.406447823049287,233.17917189409349,57.899932233819406,0
2026-01-01 12:50:00,46.75009573614492,2.375889744204922,233.90652974500355,55.469490902019274,0
2026-01-01 13:00:00,46.8400986399396,2.407317550214827,232.31577013368457,57.93387668855031,0
2026-01-01 13:10:00,46.73639475312426,2.2409775454314245,231.96372781057266,58.093337695485566,0
2026-01-01 13:20:00,48.60068457764042,2.382255690189601,232.52504650505162,59.5372719916587,0
2026-01-01 13:30:00,48.31074693709168,2.4280849031091494,233.26592464477972,57.57413635993414,0
2026-01-01 13:40:00,50.03121897920204,2.517274076106991,230.83151678906202,61.173741158693325,1
2026-01-01 13:50:00,47.36505326519416,2.356947978504723,229.82799080495553,55.822196029572176,0
2026-01-01 14:00:00,46.934897668810706,2.3329377926477752,231.94162545739215,60.689966846558235,0
2026-01-01 14:10:00,47.069145332647174,2.3565253606942242,231.15586989440425,58.4199235693843,0
2026-01-01 14:20:00,48.44932184334019,2.4687880758180465,232.02900221412457,60.07859012299172,0
2026-01-01 14:30:00,47.021325220362385,2.4205877603069963,232.47906741200612,58.941346911215625,0
2026-01-01 14:40:00,47.464497398507525,2.350480910553684,232.1297239893567,60.56302769853305,0
2026-01-01 14:50:00,48.24902743468466,2.4323400373722865,234.4333836591359,58.30431579080491,0
2026-01-01 15:00:00,48.39344388762216,2.3973052562991213,233.09889649982006,57.2687039103707,0
2026-01-01 15:10:00,48.765377820199824,2.465135250794814,233.0833292459288,61.07827512935635,0
2026-01-01 15:20:00,46.971213317892904,2.329428950950791,233.48494039363365,58.80778713135862,0
2026-01-01 15:30:00,46.82130780617274,2.3571755415037443,231.38679603330442,59.340437414855195,0
2026-01-01 15:40:00,47.40396917061157,2.3496618254580652,234.01500366091742,60.88991837309276,0
2026-01-01 15:50:00,46.82343930329162,2.2614388392243967,232.69139360831207,57.51914466080522,0
2026-01-01 16:00:00,47.17493247464848,2.399547811639296,233.6006939985911,59.989194187963875,0
2026-01-01 16:10:00,47.97978153528086,2.393930427383271,231.5232581963677,58.239586431997914,0
2026-01-01 16:20:00,47.81052603547662,2.370493684846664,230.95790699830235,58.9542328189933,0
2026-01-01 16:30:00,46.88680858585809,2.3482082114427123,233.81637475166244,59.288548341079036,0
2026-01-01 16:40:00,45.81420661460691,2.2504893113662394,233.29864528938378,56.95702213186908,0
2026-01-01 16:50:00,47.309522537006295,2.326665650787822,231.77609385812386,58.06590365885942,0
2026-01-01 17:00:00,46.394629620433655,2.32935429905921,231.82611524759332,61.28714944836652,0
2026-01-01 17:10:00,46.95458577718858,2.2889007587886603,234.23093952169398,60.61578172882021,0
2026-01-01 17:20:00,46.658734140062094,2.3363503348697257,231.4633802848108,59.21806177022584,0
2026-01-01 17:30:00,48.5304076430498,2.3776078152047124,234.8716872139957,59.701801315739424,1
2026-01-01 17:40:00,50.801675865310756,2.492071064717993,231.82908670830062,58.920413653270245,0
2026-01-01 17:50:00,46.873210812183345,2.3508983976812052,233.68479916513178,61.42087760011538,0
2026-01-01 18:00:00,47.88079873719358,2.3531574155692945,232.53282790258118,59.109260167733495,1
2026-01-01 18:10:00,46.62866823268233,2.3220859057872563,233.65897884548838,59.780897710449715,0
2026-01-01 18:20:00,46.04256726248991,2.1698968643039125,232.28974236853244,61.17508201652027,0
2026-01-01 18:30:00,46.189685067295294,2.316505078858497,232.754393139029,58.31243620113138,0
2026-01-01 18:40:00,47.43780905200753,2.31854478682905,233.00545220044023,61.83868598762786,0
2026-01-01 18:50:00,48.73783770639523,2.5057604338068735,231.759866883131,57.226368832279064,0
2026-01-01 19:00:00,46.59320868101155,2.288163406089879,233.85716080135504,61.98763067724861,0
2026-01-01 19:10:00,46.42701082459179,2.3224058722573773,232.3575312930954,59.004806325374645,0
2026-01-01 19:20:00,47.336001396386386,2.290115636035681,232.70381907470477,59.21996742212091,0
2026-01-01 19:30:00,45.01828270748742,2.1938916742180883,231.7892057956785,56.76873773190627,0
2026-01-01 19:40:00,48.140016717690564,2.373190131469272,229.91144472890468,58.94083798597356,0
2026-01-01 19:50:00,47.065990268438576,2.3361846360377165,232.7603652838648,58.082135039705506,0
2026-01-01 20:00:00,47.19080249716464,2.3334678279839043,235.88762346574768,58.74872591177592,0
2026-01-01 20:10:00,45.66659618959986,2.191481484128101,233.9364288964302,59.47211355908361,0
2026-01-01 20:20:00,47.17234789838181,2.3703975442086365,232.97374213879368,61.132184203304696,0
2026-01-01 20:30:00,45.08134382013061,2.1398641669749745,232.68286819051417,60.02384903675942,0
2026-01-01 20:40:00,47.83359084314873,2.2926982706263064,233.0263103639425,60.19043497734936,0
2026-01-01 20:50:00,47.674475353075316,2.414625307706381,233.656439695245,58.101644013509585,0
2026-01-01 21:00:00,45.90123981730581,2.153689353799178,231.5829981153658,58.43932057354848,0
2026-01-01 21:10:00,46.45077913823944,2.1810786738112595,234.33676752428576,62.473591805450425,0
2026-01-01 21:20:00,45.382301684540046,2.227714283777862,233.857178387654,58.68727774930126,0
2026-01-01 21:30:00,44.26661153274858,2.1727359106929525,233.8592144543899,62.28848769911631,0
2026-01-01 21:40:00,44.40015148951695,2.082147474243295,233.52176490819116,59.453199128764666,0
2026-01-01 21:50:00,45.26740327676985,2.2047896949492176,233.01686839346004,59.83435666227893,0
2026-01-01 22:00:00,45.77878970290082,2.107344748897371,233.79802856852194,61.449123240936224,1
2026-01-01 22:10:00,45.87389867965414,2.2231639004229526,233.6975714525882,61.76358052251321,0
2026-01-01 22:20:00,43.853534815503785,2.1045959190780446,232.55887827139452,59.701203868057966,0
2026-01-01 22:30:00,45.88405247341684,2.294946704494935,232.29127142817984,59.29625220885099,0
2026-01-01 22:40:00,45.110148840580635,2.101025404481908,233.09722198567178,59.80544233939326,0
2026-01-01 22:50:00,44.28878610948867,2.130588990262927,234.82875465202562,60.406476599341254,0
2026-01-01 23:00:00,45.70678847064884,2.2140409931595957,231.47747397272704,61.24622318216643,0
2026-01-01 23:10:00,44.2786230588235,2.043036592805741,231.19738095603526,59.92484886254761,0
2026-01-01 23:20:00,44.565391179637544,2.1521920548306923,233.14967085010562,60.85557809697703,0
2026-01-01 23:30:00,45.80233710145817,2.231002606029416,233.0061084111258,62.39304010347566,0
2026-01-01 23:40:00,42.91730833778961,1.9902178817578349,233.14567833741637,60.51522323265578,0
2026-01-01 23:50:00,45.01900618648155,2.125925079009219,233.2225783442339,60.41800208569306,0
2026-01-02 00:00:00,44.916700636471134,2.1242383634043183,232.65370018707281,57.67892550332333,0
2026-01-02 00:10:00,44.739386282786484,2.1582455614277776,234.70063091971485,56.01746974994435,0
2026-01-02 00:20:00,42.88822497296207,1.9889573880198004,230.9825068017179,60.55190541090347,0
2026-01-02 00:30:00,42.39053221190473,1.974455464841966,231.8997382483744,59.8323854019666,0
2026-01-02 00:40:00,43.271510727556546,2.113993832407045,232.75991989674702,59.20723021031609,0
2026-01-02 00:50:00,44.15569028621195,2.088114899845637,230.90143937447186,60.34898406649523,0
2026-01-02 01:00:00,45.139932318785206,2.0764874312516173,232.6512320595106,59.896869339224914,0
2026-01-02 01:10:00,43.17278668239876,2.07623315877201,234.84456571878806,61.68243273843859,0
2026-01-02 01:20:00,42.14798727333797,1.9861652168003616,232.8639640490174,60.122717022266386,0
2026-01-02 01:30:00,42.83781811860406,2.051181156476988,233.10339652068208,58.87545479875213,0
2026-01-02 01:40:00,43.89470347089342,2.04806728483586,231.3015712428341,61.48287851146633,0
2026-01-02 01:50:00,42.615464581415026,1.9594841515312067,232.06090915293976,59.67322220852748,1
2026-01-02 02:00:00,44.54806212004762,2.157898351182019,232.33664348862288,60.7895136266583,0
2026-01-02 02:10:00,42.5602281364813,2.0385436948395377,232.3915218871321,59.283882355369975,0
2026-01-02 02:20:00,41.54855901797172,1.8973331974505667,234.29622017423773,59.02504790424754,0
2026-01-02 02:30:00,42.04174907676155,2.0371651268886124,233.41251353951802,60.12533042095,0
2026-01-02 02:40:00,41.55014948367463,1.8986758090107823,231.3941427321526,60.01711098052305,0
2026-01-02 02:50:00,43.62951551639966,2.03163595491105,233.00787980080568,60.7158987251572,0
2026-01-02 03:00:00,42.37835535944595,2.0533882088225486,233.29369819503842,59.59098008738801,0
2026-01-02 03:10:00,40.159158910881516,1.8870930721751362,234.04734775494236,57.23670019623257,1
2026-01-02 03:20:00,43.927840166337454,2.021883743431055,234.5587359297822,59.338871081213284,0
2026-01-02 03:30:00,41.742872563293204,1.9699241964976206,231.42647632719567,61.17505284298532,0
2026-01-02 03:40:00,43.23648828709132,1.994779842863215,231.65364938371903,59.534055830718025,0
2026-01-02 03:50:00,43.24249680567901,2.072900169438448,231.09926359310066,59.60584164527908,0
2026-01-02 04:00:00,41.05761829762486,1.8936989185648185,232.30880426901825,61.44978076984928,0
2026-01-02 04:10:00,40.86704924602224,1.845238978572642,233.13012460130864,58.89655841458221,0
2026-01-02 04:20:00,39.68824818793113,1.8266224048192257,233.7357607893623,57.64411922489799,1
2026-01-02 04:30:00,40.34787567944148,1.8248053090735155,232.4398843763551,59.710687341492545,0
2026-01-02 04:40:00,40.574703459536586,1.8762325382806446,232.12687934448968,59.2181879031504,1
2026-01-02 04:50:00,40.196559689413924,1.9020704143441436,232.67208443956318,58.487399718873704,0
2026-01-02 05:00:00,41.173116113224026,1.8893411886581077,231.46669278987355,59.66552821032973,0
2026-01-02 05:10:00,41.15915625309145,1.9258613688470338,234.95481440580863,60.65718820523986,0
2026-01-02 05:20:00,40.330367616457565,1.8532637679324417,230.4962959789171,59.896838743336374,0
2026-01-02 05:30:00,40.854860557010156,1.9611023589958931,232.62492020006286,60.36159397296958,0
2026-01-02 05:40:00,41.04566012123825,1.816305172483197,234.80892576235945,62.61109458181336,0
2026-01-02 05:50:00,43.29041770106458,2.0478143455337365,232.36575294301082,59.366036317576274,0
2026-01-02 06:00:00,41.2209873047177,1.8730452105032596,232.10617274866198,60.28676110635798,0
2026-01-02 06:10:00,38.789356292358946,1.747281029555098,231.88154682735413,59.093814735212874,0
2026-01-02 06:20:00,37.46871612703059,1.7231177017009738,232.06991205266672,58.57600606457182,1
2026-01-02 06:30:00,41.41918091779366,1.8403988440527168,233.9093437339015,58.955610479039834,0
2026-01-02 06:40:00,39.2140802274996,1.7770152542316424,229.58288134293474,59.10177712347971,0
2026-01-02 06:50:00,39.51574489209015,1.84518558316397,234.05207660555945,60.345589711197185,0
2026-01-02 07:00:00,39.98434942492449,1.8191825911381687,230.47770249488698,63.31597009544571,0
2026-01-02 07:10:00,39.86992940790389,1.7688427733473022,231.84062156803654,58.703792429850964,0
2026-01-02 07:20:00,38.17918785327384,1.7003612234630303,231.61932675401414,59.13794301293478,0
2026-01-02 07:30:00,38.33522261646745,1.6404453325020254,232.81416617856044,59.65274355465628,0
2026-01-02 07:40:00,39.1110295265451,1.7195356474575507,230.1633058735993,60.32519871150169,0
2026-01-02 07:50:00,38.73829152881941,1.8174903743141606,232.60848997555755,60.11042587438223,0
2026-01-02 08:00:00,38.29248315725653,1.7599280027088526,234.4555610895977,61.624371059348796,0
2026-01-02 08:10:00,37.9229605573258,1.637066309661079,230.3627708822931,56.041297155778715,0
2026-01-02 08:20:00,36.607040256358076,1.7446101011306698,232.19810496107786,56.0826802648175,0
2026-01-02 08:30:00,38.49699349596518,1.7557189267047173,231.1476489387455,58.90098131700412,0
2026-01-02 08:40:00,36.27482240723077,1.6484328896115872,232.42435875383515,61.27200788525641,0
2026-01-02 08:50:00,37.833238402945284,1.7257997808260541,231.90723904529295,57.25838198354859,0
2026-01-02 09:00:00,37.76147716062307,1.7126333531399602,231.08515061547237,55.07574126686841,0
2026-01-02 09:10:00,36.46348233101474,1.6111307205958403,232.41076501229708,60.42383591603494,0
2026-01-02 09:20:00,37.666379335583066,1.7259019907046913,233.96063416405596,59.91197296968248,0
2026-01-02 09:30:00,37.37910160272123,1.7369735058038493,231.5361495139344,57.890140206426864,0
2026-01-02 09:40:00,40.15339317855916,1.773709736563361,232.59848541204914,58.025656556531736,0
2026-01-02 09:50:00,39.73012363861136,1.7664498642598334,230.152119094288,58.02741312630579,0
2026-01-02 10:00:00,35.1785449388273,1.5671393511301366,230.52532749999264,59.62544623097781,0
2026-01-02 10:10:00,37.42643731896303,1.597663152381026,232.20868178323283,58.49733892889237,0
2026-01-02 10:20:00,37.340231274549794,1.7093591519321445,233.3912200546104,60.15463263254315,0
2026-01-02 10:30:00,37.61671655869256,1.704859114652899,232.00525180639877,55.107880320638806,0
2026-01-02 10:40:00,37.39233400350258,1.700694454530254,231.1708344788366,58.080387099845886,0
2026-01-02 10:50:00,40.089638072992656,1.9635797591280815,231.51340049145912,57.651991975861485,0
2026-01-02 11:00:00,38.00181047869978,1.6970409318900181,229.9812716150666,58.931535815685635,0
2026-01-02 11:10:00,37.85712856212259,1.7383628408831178,232.17445785621055,58.48351751043884,0
2026-01-02 11:20:00,37.176540828919435,1.7201266176466607,232.47489129865775,60.46146807760803,0
2026-01-02 11:30:00,36.22346890253804,1.6923491362303926,230.84041412232028,56.44938404317776,0
2026-01-02 11:40:00,35.50189815692199,1.61159155618221,230.78548676342848,59.27988937267936,0
2026-01-02 11:50:00,35.930136338954846,1.6942511629396793,231.63499517287835,60.02199858881004,0
2026-01-02 12:00:00,35.53927113129139,1.5685747193477189,230.75807595745277,61.941888458736344,0
2026-01-02 12:10:00,35.13148978590767,1.6084701939595023,231.16877851484574,58.40627600888783,0
2026-01-02 12:20:00,35.47029779591437,1.5857505734196284,233.7336067921229,59.58720764463565,0
2026-01-02 12:30:00,37.08723247095402,1.6284437262756806,230.88312312119825,56.36591027328543,0
2026-01-02 12:40:00,39.040373641159654,1.8045318557780743,230.71497479373153,55.45454771262842,0
2026-01-02 12:50:00,34.09468081108404,1.4675955816129518,230.33318292219778,60.28001689490629,0
2026-01-02 13:00:00,36.44060517211784,1.6696484430006344,231.9683400959015,58.97448692070833,1
2026-01-02 13:10:00,35.545232535340695,1.483655284638145,230.82274934842386,60.72017014640766,0
2026-01-02 13:20:00,35.6256612833997,1.5729978574467758,230.225716804482,56.86147529196747,0
2026-01-02 13:30:00,36.46867770953266,1.6961040006913506,232.55511835972666,59.670219193732734,0
2026-01-02 13:40:00,34.65673012403345,1.612522300291031,232.63751470618166,61.66199007091641,0
2026-01-02 13:50:00,34.77673228087252,1.5197093051641115,230.1777744674358,59.456333175182166,0
2026-01-02 14:00:00,35.37386649216871,1.5474112024835502,228.6225860953949,59.209275799291184,0
2026-01-02 14:10:00,35.636632854192904,1.6578680714938674,232.03546700197364,58.774487003207376,0
2026-01-02 14:20:00,34.877391116884,1.5440942680092433,229.96878218917826,56.372203875194735,0
2026-01-02 14:30:00,35.27832192087688,1.6190226179416598,231.70285261630502,60.72838579386288,0
2026-01-02 14:40:00,35.19227941992994,1.6046933225130677,228.35362340638775,57.74487076044366,0
2026-01-02 14:50:00,32.86469162252407,1.548420767708535,231.75239873727054,59.38364682190862,0
2026-01-02 15:00:00,37.09102411399028,1.7717253180151125,229.19130311092812,56.24777250548875,1
2026-01-02 15:10:00,36.43362823815874,1.6507442187598005,231.48495312916242,56.78817726719255,0
2026-01-02 15:20:00,32.720862223560005,1.4380001785353815,230.58839562348678,60.67468492768423,0
2026-01-02 15:30:00,35.28527828445845,1.61506880917588,229.3896831351539,57.96543525786292,0
2026-01-02 15:40:00,33.869633156327936,1.5475103590223633,230.00902585872072,60.6302881318485,0
2026-01-02 15:50:00,36.07143301608287,1.6691085685593405,231.28403284979694,58.29667012106542,0
2026-01-02 16:00:00,34.05715631824552,1.5381324973910477,230.5504333679179,55.614469243318965,0
2026-01-02 16:10:00,34.17276689612381,1.5931348768629396,231.08749877433485,59.67837936668004,0
2026-01-02 16:20:00,36.33088776386202,1.6436514793940715,232.72071472931077,57.41806752976259,0
2026-01-02 16:30:00,36.36971665993046,1.6736103112158616,228.4346243956064,59.313236978136885,0
2026-01-02 16:40:00,33.28974264638611,1.5095818364908697,232.21504901665966,58.264991292981975,0
2026-01-02 16:50:00,34.87201480972108,1.580258856082991,230.36225777527002,55.874146168758216,0
2026-01-02 17:00:00,34.74624833815137,1.570593923130668,229.1210894802424,58.396595298035315,0
2026-01-02 17:10:00,34.631847128869325,1.5580503614529793,228.56582248349716,61.40550248982572,1
2026-01-02 17:20:00,35.303815633933944,1.7534360594409641,229.89779751836744,58.81135097680025,0
2026-01-02 17:30:00,35.875992582030065,1.6466363921962643,231.19324578384342,57.94599098738338,0
2026-01-02 17:40:00,33.163073312474936,1.5155595737879408,229.896716732235,59.605375823455134,0
2026-01-02 17:50:00,35.39480092495137,1.692205103484235,231.82566384279065,58.268157288374226,0
2026-01-02 18:00:00,38.64183488056398,1.7910469855239672,228.23336742983668,58.2259545930146,0
2026-01-02 18:10:00,35.95652916527544,1.7065215378046403,229.92277579273392,56.23342298353421,0
2026-01-02 18:20:00,33.02311753701081,1.50517497214076,228.39692446858115,58.18055319092791,0
2026-01-02 18:30:00,32.74373311713716,1.5909354012396069,230.29868458933163,59.3415837115825,0
2026-01-02 18:40:00,36.943610640822406,1.734124702067223,230.88914243783404,56.49268395398559,0
2026-01-02 18:50:00,33.13783321959487,1.5794028223258132,229.28254201935906,59.84160483375537,0
2026-01-02 19:00:00,34.488860208447385,1.6749120918651563,226.6250113554235,57.525115501560414,0
2026-01-02 19:10:00,35.28530870990564,1.7049116525030532,229.95145662250079,56.28856744112857,0
2026-01-02 19:20:00,34.88568567792158,1.572463699985692,230.19950085848987,59.07395497448769,0
2026-01-02 19:30:00,35.28064631842653,1.645674666743447,230.12331476823735,57.10434290763286,0
2026-01-02 19:40:00,31.588908692155396,1.3950936862004444,231.0839026949414,58.63058054328836,0
2026-01-02 19:50:00,34.05989801092064,1.5765406776394395,228.27856500020044,57.010195085745195,0
2026-01-02 20:00:00,34.183257092487885,1.6425194511459806,230.3430222441108,57.314373859648384,1
2026-01-02 20:10:00,33.76634451168757,1.5672703685532516,230.92077937666608,58.10049301295085,0
2026-01-02 20:20:00,36.50734118241009,1.802187205630032,227.31855242734989,57.75230191103673,0
2026-01-02 20:30:00,34.21847653434937,1.5618156271845016,229.79961237562372,54.278230678473925,0
2026-01-02 20:40:00,35.19417356852306,1.6457855194995596,228.77427828777058,55.54500761256777,0
2026-01-02 20:50:00,35.43912445466184,1.6963380657473752,229.24482776175307,58.57611038798685,0
2026-01-02 21:00:00,36.12794887851235,1.8061960681028946,229.72333034303992,56.93869451781683,0
2026-01-02 21:10:00,34.170843534846746,1.5811642564930204,228.68501629673943,56.30599274922116,0
2026-01-02 21:20:00,36.11614784984079,1.7943469350252719,228.42252699892555,55.00820982547388,0
2026-01-02 21:30:00,34.35211365885888,1.7074925644833043,229.23816549848084,55.38074290604832,0
2026-01-02 21:40:00,33.91265061571583,1.6336506387879608,227.85641881302135,53.921725934549336,0
2026-01-02 21:50:00,35.679367907374306,1.7547521477129049,227.82218620139622,56.75638388220936,0
2026-01-02 22:00:00,36.04599553927867,1.7394340670070267,229.90462340142253,55.96433882625371,0
2026-01-02 22:10:00,34.55600360022554,1.6813279553747138,227.67516400873203,55.36561739954287,0
2026-01-02 22:20:00,34.525931635282404,1.7408737448019866,229.817781095878,56.66663658875378,0
2026-01-02 22:30:00,35.021580352535956,1.7105146433485856,229.53795829337645,57.267923282571054,0
2026-01-02 22:40:00,35.588258706857395,1.7565747324711711,226.87668224238243,59.81473764909445,0
2026-01-02 22:50:00,36.21537054744057,1.8067184118616493,228.09953873660479,54.359921543242976,0
2026-01-02 23:00:00,37.667551877045746,1.8869824137740108,230.31068350702864,58.31946138603605,0
2026-01-02 23:10:00,35.079062034494825,1.6675248955326492,227.6656648389003,57.992527273440224,0
2026-01-02 23:20:00,37.240536629826636,1.943735249200914,228.25127038337084,55.316567647469114,0
2026-01-02 23:30:00,33.3596956069655,1.623558758999145,229.328706752698,56.742243993591764,0
2026-01-02 23:40:00,34.84892364086348,1.7743042858404956,229.68017199808202,55.70297975507651,0
2026-01-02 23:50:00,36.836028950585366,1.8403191987597947,228.40432328611922,56.6198631252762,0
2026-01-03 00:00:00,37.126790091463796,1.8226225961720417,227.95542643648548,58.55679326841238,0
2026-01-03 00:10:00,35.08677052761975,1.7572966497163798,230.34575865365335,57.15314328231273,0
2026-01-03 00:20:00,35.600012909409436,1.797509348205915,230.69228323246227,56.95915920592007,0
2026-01-03 00:30:00,36.5873784083694,1.7818399042651214,229.74713998472836,55.50217575517436,0
2026-01-03 00:40:00,35.8884897835958,1.7813231349111047,228.64202182511093,53.87283306373909,0
2026-01-03 00:50:00,37.28919851843515,1.9037014284439455,227.53707909657697,55.73738418044388,0
2026-01-03 01:00:00,35.74645260378701,1.8716211492806223,227.4780558617222,57.81106215590472,0
2026-01-03 01:10:00,36.117706404060264,1.7950165664470532,229.06943560529496,53.66136145192066,0
2026-01-03 01:20:00,36.59269674598796,1.9298665660394432,228.91256944234092,54.320347287206125,0
2026-01-03 01:30:00,35.95358008046773,1.889988618286727,230.06073114456592,56.04316074910683,0
2026-01-03 01:40:00,37.064096582295626,1.937993543078303,229.1279275070258,54.32746939756639,0
2026-01-03 01:50:00,36.796139845008746,1.9309456103564515,226.51252381417999,54.56627838975891,0
2026-01-03 02:00:00,35.727184966751885,1.8219141998466637,229.54765318504047,55.07020216770707,0
2026-01-03 02:10:00,35.20916172634796,1.851122520212055,227.0570070743565,53.607639854465695,0
2026-01-03 02:20:00,38.22273904446288,1.9634653183561972,227.76355078687797,54.145283505828594,0
2026-01-03 02:30:00,38.28907139821284,1.9602948036833334,228.49447049377326,56.61194781861421,1
2026-01-03 02:40:00,35.61109268575362,1.9176118201804166,230.5592273149126,53.546035258236564,0
2026-01-03 02:50:00,37.873373441098465,1.9365211889558642,231.86681147993082,53.06051500941993,0
2026-01-03 03:00:00,37.81745143700661,2.0372283855770124,228.83375118588134,54.4624732895005,0
2026-01-03 03:10:00,37.27357091653433,1.8955956714858302,227.85691785774378,56.45559080946899,0
2026-01-03 03:20:00,37.803084735473064,1.9946181924509832,228.68953136698119,55.01238587515423,0
2026-01-03 03:30:00,37.236827477237064,1.9426236683112494,229.08498686501127,54.56097722481925,1
2026-01-03 03:40:00,37.158035943209455,1.9493497426148236,227.60698437061816,55.274441508439864,0
2026-01-03 03:50:00,39.48643046538232,2.06264483926033,230.11833809513232,52.539375842892795,1
2026-01-03 04:00:00,37.59504968358886,2.048764553835551,228.21278643347776,55.85001335929303,0
2026-01-03 04:10:00,38.96474172388891,2.055807478883099,228.50693266995765,55.63311451678626,0
2026-01-03 04:20:00,39.87103670227161,2.103164183855091,228.68201612045993,54.39400055343886,0
2026-01-03 04:30:00,38.45761206064881,2.0084058675243606,228.36240779714973,56.466850530858885,0
2026-01-03 04:40:00,40.30770498913094,2.0692787886739277,228.837164228304,53.21672431690517,0
2026-01-03 04:50:00,37.44788225107531,1.997892312395355,227.06400255723142,56.549845860462334,0
2026-01-03 05:00:00,39.18806721848232,2.056628977916083,227.1093580398614,55.039750975866696,0
2026-01-03 05:10:00,38.09876256341688,2.0282539643031523,226.43409580524897,54.25322889834067,0
2026-01-03 05:20:00,39.34609219993479,2.054379359139615,228.2569939908205,54.67831882980963,0
2026-01-03 05:30:00,39.04757114229207,2.102167870011592,228.6399826941025,54.497332820678345,0
2026-01-03 05:40:00,37.51695413864984,1.9970114579586071,228.2306112537118,56.438789177272255,1
2026-01-03 05:50:00,41.58956624636091,2.2377489125006305,229.66706195347473,52.94352016788044,0
2026-01-03 06:00:00,37.44969033646447,1.9977372155202415,227.62770901412657,53.36497817255456,0
2026-01-03 06:10:00,36.69820238989524,1.9889129062121076,228.4140370430964,56.01347866545818,0
2026-01-03 06:20:00,39.696093957619084,2.1864918362592376,226.27900201559538,53.516043317765124,0
2026-01-03 06:30:00,40.23294930316443,2.1649334171050443,227.10239614168609,55.71052579466549,0
2026-01-03 06:40:00,40.70686597719236,2.1592467833549773,228.3798139758857,56.859324638156934,0
2026-01-03 06:50:00,39.90802716230019,2.16725790971309,228.54272764425139,53.657991590565956,0
2026-01-03 07:00:00,40.231797692745786,2.123636803577598,227.150068119129,55.233315019146715,0
2026-01-03 07:10:00,37.602535836775225,2.0604126271632577,227.396322877036,52.431399377769125,0
2026-01-03 07:20:00,39.270893908935896,2.145780897586192,225.64060040075668,55.244787822897415,0
2026-01-03 07:30:00,38.750052946722064,2.093011267307985,227.01381732301016,54.36266266126564,0
2026-01-03 07:40:00,40.551684090802716,2.232602582481372,228.49131527027066,54.72401655856697,0
2026-01-03 07:50:00,39.706950851743564,2.150175377726468,228.09410727703263,52.9971320335799,0
2026-01-03 08:00:00,39.573752651137646,2.103182383113798,227.98607154841667,51.424999474712344,0
2026-01-03 08:10:00,39.35582716589076,2.1507257955282415,227.42682107825456,54.62274548825484,0
2026-01-03 08:20:00,40.56234889936612,2.216615110893126,227.35779980128558,50.72411866779633,0
2026-01-03 08:30:00,39.58847223984221,2.145553132227242,226.53958416358853,53.29467174021301,0
2026-01-03 08:40:00,38.8160904690637,2.131867708810129,228.1536260295573,55.1340672894958,0
2026-01-03 08:50:00,40.49988633535948,2.224055505877734,227.80368137373821,53.96186587445069,0
2026-01-03 09:00:00,40.571710495351574,2.23099122166587,227.8728404749353,56.5483906155691,0
2026-01-03 09:10:00,39.926061781824274,2.1775872542264305,226.63550467969668,55.11553516619035,0
2026-01-03 09:20:00,40.18905228083638,2.1871212019108315,224.66749068590616,52.5491608554338,0
2026-01-03 09:30:00,40.98501143611968,2.249939900743891,228.553270589901,53.523262506235014,0
2026-01-03 09:40:00,39.106246424262814,2.1220082505531455,226.6476992966132,53.36367215066849,0
2026-01-03 09:50:00,40.42794548830385,2.1316418492126674,226.173024244309,51.01405535336841,0
2026-01-03 10:00:00,39.468485565701044,2.1930496744284675,228.02701696162143,51.929475684169795,0
2026-01-03 10:10:00,40.35524750481908,2.2396354942130254,226.71135250577427,52.4518522501461,0
2026-01-03 10:20:00,43.396646368650785,2.2876672447353563,228.44105708395307,50.191753107268,0
2026-01-03 10:30:00,41.9286390251153,2.3868013956291088,227.8973486291523,53.27058970501763,0
2026-01-03 10:40:00,41.20060088674121,2.3432564213392166,227.96547696617202,52.77918744029805,0
2026-01-03 10:50:00,41.77071720898129,2.2676094684971653,225.49474527122604,50.597084778887655,0
2026-01-03 11:00:00,40.02236678432334,2.284531995591528,228.57737107699006,53.666564708207346,0
2026-01-03 11:10:00,40.451171279579675,2.2113852668793257,227.42613462128,54.08806828060664,0
2026-01-03 11:20:00,43.14545462995282,2.2955242578389297,226.65954825104265,53.30902320757525,0
2026-01-03 11:30:00,40.384585426056574,2.2792115121092107,227.26524651351508,52.43678470333032,0
2026-01-03 11:40:00,40.7467064186785,2.3332996649037496,224.95265179244865,53.76467338020987,0
2026-01-03 11:50:00,40.06090965624572,2.2463586926740744,227.56592676304467,53.85267612695145,0
2026-01-03 12:00:00,43.11116886268889,2.359014866678955,225.83216383718622,53.24850313810527,0
2026-01-03 12:10:00,44.32081646852224,2.4448892533358917,225.43652977300562,51.50575286354075,0
2026-01-03 12:20:00,41.67612623363385,2.3182434194159205,225.225686972132,53.11307157412178,0
2026-01-03 12:30:00,43.07952437106743,2.3636244867238494,228.3809884632235,54.44712076979458,0
2026-01-03 12:40:00,43.92658753398951,2.391109795356481,226.28435235205893,51.71492018140569,0
2026-01-03 12:50:00,43.23100817084057,2.3080770105005586,228.87411026468027,55.712975765420154,0
2026-01-03 13:00:00,42.48080212525082,2.362242353704394,226.3853073335896,51.734066734437704,0
2026-01-03 13:10:00,40.91111705729511,2.3493249327389805,224.97453594352154,52.52781778074215,0
2026-01-03 13:20:00,42.10001910602993,2.3599948917051203,225.67909766116122,51.42742506921188,0
2026-01-03 13:30:00,41.609652915359135,2.2940624166317067,228.49792821616745,52.728262302108355,0
2026-01-03 13:40:00,42.56122855368387,2.361444052265366,226.82437014901654,49.73748675650462,0
2026-01-03 13:50:00,43.13277229989131,2.40275935210651,226.35046385230893,51.48948476032483,0
2026-01-03 14:00:00,45.028526767387625,2.482302064956039,227.19785855474672,50.628362964130716,0
2026-01-03 14:10:00,44.72995663158211,2.446096850597024,227.60587187467667,52.42782293584132,0
2026-01-03 14:20:00,44.92732118888015,2.5446066521397697,228.34297523859757,53.67503464276151,0
2026-01-03 14:30:00,43.07491149093453,2.313812185678852,228.73912821992283,53.111202686960105,0
2026-01-03 14:40:00,44.19129308370626,2.447683501824916,226.5685078523608,48.54381997006794,0
2026-01-03 14:50:00,43.38421157162011,2.3951119174219118,225.4087427951896,55.123818962499406,0
2026-01-03 15:00:00,45.958040083024166,2.5580233249455806,226.50408036021406,52.46333379189248,0
2026-01-03 15:10:00,42.55269327572323,2.320416630253416,227.3132824031584,50.81566252420419,0
2026-01-03 15:20:00,43.967872079183344,2.3199901214381327,225.84561092162113,52.17640242377282,0
2026-01-03 15:30:00,41.80528997048691,2.3411489709224838,225.8551847854104,52.165600515779225,0
2026-01-03 15:40:00,41.04068111602275,2.220965603393545,227.41842374683978,50.86195780917619,0
2026-01-03 15:50:00,42.898172505894095,2.350437392691284,226.95007569821666,52.12033476249174,0
2026-01-03 16:00:00,43.120090244521045,2.3332307207043286,227.05086256798637,50.873797858299994,0
2026-01-03 16:10:00,44.621518412633115,2.4072987964688966,226.10482637132398,51.14033132563913,0
2026-01-03 16:20:00,43.9474368330276,2.4237556298878884,226.74252091232,50.67964894584284,0
2026-01-03 16:30:00,44.4873783858199,2.547498116462637,225.91436876755654,49.522583140159924,0
2026-01-03 16:40:00,45.227878695874615,2.4742686973988257,228.09659848544962,51.85320004360527,0
2026-01-03 16:50:00,43.74275416681342,2.352753550303114,228.27603575783266,52.47558630923103,0
2026-01-03 17:00:00,41.58722163779744,2.3275441644419734,224.824150758171,52.33349459819469,0
2026-01-03 17:10:00,44.317953289665915,2.4391226056543314,225.93046535751523,52.754933012870495,0
2026-01-03 17:20:00,41.50569801231985,2.2943422468575387,225.2568070560189,51.97577887136828,1
2026-01-03 17:30:00,45.21547994831311,2.5465094571442908,226.27983773188538,50.654754801667714,0
2026-01-03 17:40:00,44.45760545668118,2.4942198262212125,226.9674245703569,52.67826795102693,0
2026-01-03 17:50:00,44.106613215342115,2.3620424845675325,225.3361177407243,49.347783069804535,0
2026-01-03 18:00:00,42.45938377084822,2.2620778692939596,225.97805901604414,49.99870112203478,0
2026-01-03 18:10:00,44.45213380032342,2.5068308703087796,225.8885963063605,49.86942193104321,0
2026-01-03 18:20:00,44.58697494188973,2.3885909383910464,227.35157446810715,52.90218839398759,0
2026-01-03 18:30:00,44.292518858050016,2.4958533802577563,227.19602807046138,52.66304113006052,0
2026-01-03 18:40:00,42.833733069645895,2.2681890859458034,226.25714211200588,51.946945379027845,0
2026-01-03 18:50:00,43.0119514811123,2.346550228119572,227.34627402247153,52.791389883982326,0
2026-01-03 19:00:00,43.928502842441276,2.3935188624077997,226.48938246706004,49.832460122561905,0
2026-01-03 19:10:00,44.59824574898431,2.3952997159006784,226.83116805449998,51.64255104434981,0
2026-01-03 19:20:00,44.152246665472155,2.3538213213634345,229.17749650245054,50.90055882129199,0
2026-01-03 19:30:00,45.77067802073898,2.437783918925834,228.7905493461212,52.3276968836964,0
2026-01-03 19:40:00,43.1703693624252,2.300520478046629,225.6355809969189,50.85398490238472,1
2026-01-03 19:50:00,44.34512473574755,2.3723595747554422,228.2042780432269,50.419251756505794,0
2026-01-03 20:00:00,44.08922672444158,2.391039910397182,228.19623181840672,51.77827403492528,0
2026-01-03 20:10:00,44.91271695319712,2.420085131469552,225.8590307877402,52.25181348134693,0
2026-01-03 20:20:00,45.29199913532097,2.4332214129190204,228.2343024094271,49.90609665240775,0
2026-01-03 20:30:00,43.160928057300445,2.2835325413800307,229.11253944715972,50.78846478691331,0
2026-01-03 20:40:00,41.58067142523771,2.2478370645398567,225.9356463081006,49.26429318148067,0
2026-01-03 20:50:00,45.7797490838003,2.4696944118837707,226.19780019349085,47.077153244835124,0
2026-01-03 21:00:00,44.898932586038995,2.3908324678166593,228.53652289847952,51.09764242936962,0
2026-01-03 21:10:00,43.13209042109794,2.300989810577993,227.65806854517766,51.683439529004715,0
2026-01-03 21:20:00,44.9173152030861,2.481437935506663,228.01140756312697,51.13673320895222,0
2026-01-03 21:30:00,45.4704537474508,2.3629338586241935,227.77611906715055,47.79326755254344,0
2026-01-03 21:40:00,45.79993679852935,2.4442163057822923,227.85443442373193,50.16574135333158,0
2026-01-03 21:50:00,44.224278074961425,2.3513267083988976,225.81242857058058,47.33933002250116,1
2026-01-03 22:00:00,45.496748516541764,2.5066993972258715,228.67997776766595,52.696672799413335,0
2026-01-03 22:10:00,45.4172771207081,2.478044432712498,228.8461085261012,48.98874452436387,1
2026-01-03 22:20:00,44.97183689647766,2.3133425931558205,227.18713524623726,52.477075285048215,0
2026-01-03 22:30:00,45.31826419341532,2.406494661380989,227.43043189746382,51.989358409043206,0
2026-01-03 22:40:00,44.51207389358226,2.375776818331354,225.66586867026143,49.19669542828596,0
2026-01-03 22:50:00,45.93590525592967,2.428885369651984,228.14128693692138,48.82587578195546,0
2026-01-03 23:00:00,42.754739449326436,2.2373213172083632,228.23202055777443,51.028528276153615,0
2026-01-03 23:10:00,45.94486292109905,2.3643938579758803,227.49267630790035,49.21485633747387,0
2026-01-03 23:20:00,46.181855904646476,2.3890544474754765,228.93866356428813,50.613890660155285,0
2026-01-03 23:30:00,42.18560282813959,2.1584303288281066,227.21105750458037,49.71519759422422,0
2026-01-03 23:40:00,42.6050423115413,2.1990981581363833,228.31236107006703,47.74743269455428,0
2026-01-03 23:50:00,40.36980423518514,2.125132116717599,226.43449008218457,47.05365770253519,0
2026-01-04 00:00:00,42.8422372822442,2.2611146915387867,227.65344395628296,50.720035579125955,0
2026-01-04 00:10:00,43.86571164644155,2.334354102987501,227.49646290520255,49.51878405727968,0
2026-01-04 00:20:00,45.62665173351954,2.391311994324597,228.00039748006895,49.513061305862585,0
2026-01-04 00:30:00,43.906528443490764,2.2711152744664553,227.31129029646453,51.36853287084843,0
2026-01-04 00:40:00,44.65827174338286,2.3894351260135105,227.6220009537273,52.067409130523124,1
2026-01-04 00:50:00,42.48638760575004,2.142592301147835,228.7964170384541,49.881406508416276,0
2026-01-04 01:00:00,42.69696319354515,2.1104831613000052,227.30677865144645,49.762774378694886,0
2026-01-04 01:10:00,44.26384214631751,2.2359645809675066,225.92907743678208,51.007808466148695,0
2026-01-04 01:20:00,42.95467336291531,2.2646921130718494,229.98287970833533,48.20658627600305,0
2026-01-04 01:30:00,43.76150311834085,2.2248161939553004,229.56786370105908,50.561590723820466,1
2026-01-04 01:40:00,40.895424407071154,2.055410332768623,226.38646989553004,51.04003892048688,0
2026-01-04 01:50:00,44.3589162014875,2.2069617052435033,228.79222312960403,51.21838287144873,0
2026-01-04 02:00:00,43.07357172538026,2.102933722328002,227.38871070350962,47.27921629337972,0
2026-01-04 02:10:00,43.75389366939515,2.2539821464895566,228.33648545352833,49.0291017921834,0
2026-01-04 02:20:00,43.51698971597032,2.222773101820708,228.40169944088012,48.84101204993126,0
2026-01-04 02:30:00,42.43679300993357,2.11121438325896,227.79597571413373,50.29599374832238,0
2026-01-04 02:40:00,41.551417047051196,2.1381803773892987,227.16568128767938,50.85552195352611,0
2026-01-04 02:50:00,42.79880561078685,2.087365900134391,227.3067817378568,52.368199017645644,0
2026-01-04 03:00:00,43.287191859713225,2.159833066314849,227.0655229514248,49.3699011911224,0
2026-01-04 03:10:00,45.09141632787967,2.233937255188294,227.19657557181304,49.35569543039434,0
2026-01-04 03:20:00,41.73632241149475,2.0712832530453413,228.14423931004774,51.81675676286054,0
2026-01-04 03:30:00,43.457326564956084,2.1830204706647587,227.39630967065835,50.5277994700589,0
2026-01-04 03:40:00,41.79773559371477,2.0927744758275115,229.10432515399694,51.975588359262666,0
2026-01-04 03:50:00,41.850939824639774,2.0642095183587537,230.10146690956506,50.49887271199857,0
2026-01-04 04:00:00,42.33797079302241,2.111470121749669,227.65187948256303,48.32226881223444,0
2026-01-04 04:10:00,42.92374611064444,2.0295583589389707,228.66665875238166,48.05090844246577,0
2026-01-04 04:20:00,42.15171224099567,2.0603860448916906,229.0106786832515,47.71648477115027,0
2026-01-04 04:30:00,42.059901136960605,2.0011061326992614,229.0093907443211,51.030478687537894,0
2026-01-04 04:40:00,44.69285383058644,2.24633397627341,228.56630908900152,51.8144402164632,0
2026-01-04 04:50:00,42.168188587249034,2.0841609901340403,229.39879467053345,52.80022908170619,0
2026-01-04 05:00:00,42.182550832757144,2.0175132707952264,229.11892070096798,51.28598213317363,0
2026-01-04 05:10:00,43.545483533441676,2.082731714206999,227.087901327557,51.76121812949105,0
2026-01-04 05:20:00,41.9155028935343,2.0487228428329165,229.64918073902584,49.14307019252901,0
2026-01-04 05:30:00,43.17061217065953,2.032104201440167,229.70425747332368,48.27510408108982,0
2026-01-04 05:40:00,42.758299625472105,2.090967875956928,227.757092724468,51.281978942588836,0
2026-01-04 05:50:00,43.09933864784667,2.094471194049673,228.7522963683157,50.631012519923175,0
2026-01-04 06:00:00,42.51873849216025,1.9834529749501841,229.56070273785372,50.16378894737492,0
2026-01-04 06:10:00,41.585307876737254,1.9718397401391219,228.52366510550834,50.58231033470951,0
2026-01-04 06:20:00,42.31037495495457,1.9879060344092119,230.09674051733947,50.485161935866806,0
2026-01-04 06:30:00,40.06331436712777,1.8177574838572046,231.68032508983555,51.92573955784175,0
2026-01-04 06:40:00,41.07446360529061,1.872696134469543,227.9351867663473,51.942623195575315,0
2026-01-04 06:50:00,42.02897610198704,2.0952640386014063,227.2559836433464,50.8171058785005,0
2026-01-04 07:00:00,42.62627885165108,2.109519826219673,229.3128564479601,51.27061010877347,0
2026-01-04 07:10:00,42.46440114675139,1.950016668650766,229.84935043551587,50.77462988376027,0
2026-01-04 07:20:00,43.49608163878599,2.008093275313917,228.74179590677707,49.313911354496,0
2026-01-04 07:30:00,41.822160586827195,1.978913109092733,230.7982617823506,51.14314229158527,0
2026-01-04 07:40:00,44.88965866491498,2.1923863340136207,227.483683213719,47.91968116890664,0
2026-01-04 07:50:00,43.32984136334753,2.0277262037932067,229.9573158921054,51.59588844708498,0
2026-01-04 08:00:00,42.35516222152662,1.9200358801923467,228.43472052049256,48.22739254617174,0
2026-01-04 08:10:00,39.599984969512576,1.8459630202504071,231.26107792809708,50.452505801346284,0
2026-01-04 08:20:00,39.718261045182274,1.7860585543286986,231.6250391379943,48.761191464614406,0
2026-01-04 08:30:00,41.78726007241457,1.923053524426572,228.3503487651018,50.864624511581965,0
2026-01-04 08:40:00,41.534998150263476,1.8385078357259526,228.64729807201155,49.98976837455358,1
2026-01-04 08:50:00,42.096714153508444,1.7775154526678092,230.37481038044046,47.655133382921434,0
2026-01-04 09:00:00,40.87729554663977,1.8318932530340015,228.91538902455102,50.68542314255587,0
2026-01-04 09:10:00,39.57905576273599,1.7894651286367993,229.36219011322004,49.19509346514985,0
2026-01-04 09:20:00,43.44829938668231,2.0033797876432744,229.48397859183459,51.3917894444117,0
2026-01-04 09:30:00,43.263199414055656,1.9314117601676781,227.18681899975357,50.0806456180414,0
2026-01-04 09:40:00,41.505428931172005,1.8527705369938994,229.51081541166246,50.68086841496039,0
2026-01-04 09:50:00,42.16921114794281,1.9643902828040891,228.73681513743645,48.66095457850684,0
2026-01-04 10:00:00,42.07396448284148,1.8448322197443017,229.00987688656272,49.22337100315326,0
2026-01-04 10:10:00,40.91307987787924,1.762452563212382,231.3711807301308,49.42996199439512,0
2026-01-04 10:20:00,41.96609676295501,1.9459852253180727,228.16826853863563,51.41401247109979,0
2026-01-04 10:30:00,41.95364546373988,1.8600984459846441,230.68922813400997,52.65655028469913,1
2026-01-04 10:40:00,40.819207423096024,1.7269294967999715,229.41597627514935,48.94473887511664,0
2026-01-04 10:50:00,41.70953181509461,1.7876816753454474,229.45240841863807,51.780265315767686,0
2026-01-04 11:00:00,40.126381899059496,1.7259377236317177,230.7739888311026,46.92345706490379,0
2026-01-04 11:10:00,39.38442912718321,1.6785232221420188,230.2710533029514,48.4001513812276,0
2026-01-04 11:20:00,42.66043134765277,1.8564857594467834,230.58519794702076,48.76721094240415,0
2026-01-04 11:30:00,41.84835423413401,1.928476282383284,231.0997700964406,48.191038194483326,0
2026-01-04 11:40:00,39.77763161565548,1.657258648570785,229.57787429284505,47.85931926181679,0
2026-01-04 11:50:00,40.346140181621124,1.807695036042375,229.27825995688957,50.86957735840289,0
2026-01-04 12:00:00,40.83797091382472,1.7042144680448297,228.7482610695837,49.94482957544516,0
2026-01-04 12:10:00,40.02135217027816,1.7110017097416714,229.09743884721925,50.85136475322813,0
2026-01-04 12:20:00,40.94244342112598,1.6963861013421664,233.66432083619006,51.33476299118913,0
2026-01-04 12:30:00,40.0919335116677,1.6685667140829534,231.65647947065852,50.7147468476384,0
2026-01-04 12:40:00,39.722702363838096,1.7355809883812514,228.57900573511503,51.32070188193907,1
2026-01-04 12:50:00,40.687684515116516,1.659343848040555,228.65074513158035,50.24796103858397,0
2026-01-04 13:00:00,41.79025367383336,1.74168667102497,230.8532965195327,48.590436505902716,0
2026-01-04 13:10:00,40.97152931663827,1.7103733200331963,230.96909459098697,51.97677788349011,0
2026-01-04 13:20:00,39.597919852983715,1.6897330081107924,231.00830821693233,49.52597942748198,0
2026-01-04 13:30:00,39.234086990904,1.630816698545048,230.0809168109767,49.02630322431683,0
2026-01-04 13:40:00,39.82768671307653,1.651971652040253,230.27347435325137,50.18332793098485,0
2026-01-04 13:50:00,40.47311171894051,1.7533569741606274,230.854564344081,49.101950413711705,0
2026-01-04 14:00:00,41.86793750208149,1.7279341943486577,230.6011979251469,49.866436147184075,0
2026-01-04 14:10:00,39.32782676880629,1.604716394509428,227.87190544157923,51.03052826809699,0
2026-01-04 14:20:00,38.3320791271191,1.6860542207289513,230.29616230051084,51.05927421172802,0
2026-01-04 14:30:00,41.05275173928084,1.7335341810192981,229.58700074278696,49.21277704044778,0
2026-01-04 14:40:00,38.2133525861931,1.5353169898760286,230.85561366695364,49.85116866197612,0
2026-01-04 14:50:00,40.49572153927903,1.707916876792355,234.26424143157024,52.21787253351442,0
2026-01-04 15:00:00,39.10029386667547,1.6071510260239867,231.15937274092465,51.3750588669558,0
2026-01-04 15:10:00,41.07612184923281,1.7016576166629782,230.37851098514108,53.76757886386323,0
2026-01-04 15:20:00,39.98451881431408,1.5909353786122495,231.89714234949102,52.450130678186916,0
2026-01-04 15:30:00,38.37006725769246,1.5037311279581704,231.40631636123854,52.42176713570694,0
2026-01-04 15:40:00,38.07692367415262,1.5141846324863073,231.36718540332896,48.64934328614358,0
2026-01-04 15:50:00,39.86750276730836,1.6446433948030625,231.62713899159843,51.90318210006911,0
2026-01-04 16:00:00,40.0878696261377,1.6581266473321195,233.40247636833558,50.704401088172546,0
2026-01-04 16:10:00,38.37066816231958,1.561700820936135,229.6131177458369,49.98467989386714,0
2026-01-04 16:20:00,40.795679883146065,1.681977228057067,231.573950548834,51.090685799679285,0
2026-01-04 16:30:00,38.4824030663906,1.4949595459298048,229.9291857674017,52.28440641075704,0
2026-01-04 16:40:00,40.749552366453635,1.6197349291540972,231.7425467360891,51.646176152950076,0
2026-01-04 16:50:00,39.43130404948525,1.52543016567458,230.0084280716766,49.605968225737094,0
2026-01-04 17:00:00,38.59107241271998,1.5676057920206552,230.64475846576823,52.06652508815583,0
2026-01-04 17:10:00,40.29942024841796,1.621137887197238,230.82605850418614,50.026017907625274,0
2026-01-04 17:20:00,38.17218364388053,1.5462592936169233,232.38552982506343,51.33738815888791,0
2026-01-04 17:30:00,39.767213254847505,1.5822282465717987,232.35088868422955,50.587701399256964,0
2026-01-04 17:40:00,40.24028704022253,1.6915512398818129,229.78788097580374,50.74518586695266,0
2026-01-04 17:50:00,38.35368752797474,1.5631071663052605,231.38246081097913,52.254001099403744,0
2026-01-04 18:00:00,40.6112527490573,1.6744808769386148,230.49863639564285,49.575886982496215,0
2026-01-04 18:10:00,36.64669367836504,1.5157728962723054,229.8733077166812,54.08589747803648,1
2026-01-04 18:20:00,38.87807401760106,1.6472152505205204,231.15625836594543,48.46878625340045,0
2026-01-04 18:30:00,40.84783041655442,1.718995939946947,231.07944334408631,50.33660427847899,0
2026-01-04 18:40:00,37.26741627875472,1.4049369508267073,234.39439983703045,51.821490770573554,0
2026-01-04 18:50:00,38.5545570588349,1.538073878239811,232.03437759441366,52.176084697208495,0
2026-01-04 19:00:00,39.02339772265089,1.647307521184057,229.89393386519075,51.18271041416416,0
2026-01-04 19:10:00,38.80578338913144,1.5843739104398964,230.90135339590543,51.28151514253062,0
2026-01-04 19:20:00,40.20290039602351,1.6299447491652048,232.8365027618593,52.01796676388889,0
2026-01-04 19:30:00,39.40100455242247,1.5517296957687925,234.14848305031,51.09043764141367,0
2026-01-04 19:40:00,39.64748987615001,1.6069311003775504,229.7704240495873,53.5620702590504,0
2026-01-04 19:50:00,40.23949781927755,1.5876651383218507,229.44868556628884,52.766931325266334,0
2026-01-04 20:00:00,40.9831646921681,1.6938172288009674,233.98047750361073,52.853102668522816,1
2026-01-04 20:10:00,39.31099884179084,1.6211835148536982,232.2333096306095,50.13093515555987,0
2026-01-04 20:20:00,39.725083068163194,1.628432906615882,230.7539987657336,51.497733682734165,0
2026-01-04 20:30:00,38.22859188849951,1.569228807428607,232.46740176001242,51.20310179053764,0
2026-01-04 20:40:00,39.072163898871445,1.5640838609710461,228.69256109766883,50.18271766150061,1
2026-01-04 20:50:00,39.990436096707654,1.569559855814127,231.88883060863157,52.26901589763969,0
2026-01-04 21:00:00,40.498147963258766,1.6369511630907394,232.30719253131207,50.96027800204936,0
2026-01-04 21:10:00,40.23086762163379,1.5731045508376236,233.0516593860617,52.78815272313424,0
2026-01-04 21:20:00,39.73488618208017,1.631510896891186,230.7542846534053,50.23837946629689,0
2026-01-04 21:30:00,42.6197666473557,1.7760632344817893,232.10190100892223,54.46116319286931,0
2026-01-04 21:40:00,40.40373621874098,1.6815793914476194,230.91637113142576,50.57735048586147,0
2026-01-04 21:50:00,40.438813807831046,1.5878210162417785,232.3608287609825,52.290357992180724,1
2026-01-04 22:00:00,40.87972171974721,1.7121679299230244,231.00711924795365,53.18905232161188,0
2026-01-04 22:10:00,39.86657807360915,1.5857462701974403,231.61865517282993,51.18546145154478,0
2026-01-04 22:20:00,38.86189380232971,1.457816459106141,230.93990962161817,53.36057965813439,0
2026-01-04 22:30:00,38.706622644733095,1.5428452873043668,232.94242992917765,50.27884770232329,0
2026-01-04 22:40:00,38.19178040970141,1.4766052068561724,233.21704846036565,54.341833789129,0
2026-01-04 22:50:00,40.4259055766843,1.6010733377681834,231.9308614180288,52.22619891104739,0
2026-01-04 23:00:00,39.81320982353431,1.633742060069294,232.2834449935775,51.3519551750585,0
2026-01-04 23:10:00,40.602040072330425,1.7696048356198804,230.52405338560908,51.8396722422605,0
2026-01-04 23:20:00,41.761059798686844,1.665011100642393,231.92720129947608,53.54396757213085,0
2026-01-04 23:30:00,39.43890446492704,1.6248403809604801,232.250660620627,51.49631643631495,0
2026-01-04 23:40:00,40.91754392637866,1.7123754301461336,235.4795896799198,51.291636243878685,1
2026-01-04 23:50:00,38.72993242527551,1.4729283054039977,231.02364456692843,52.1262997161281,0
2026-01-05 00:00:00,39.87800210644623,1.672604508925422,234.13801627805037,50.73634741526054,0
2026-01-05 00:10:00,40.14771325827171,1.7194992671855578,233.59986068642942,55.276042237099716,0
2026-01-05 00:20:00,38.907871709710726,1.5437547228272022,232.76264484805958,51.73931575445326,0
2026-01-05 00:30:00,40.03011598471419,1.757888695606085,234.55809770911029,53.88025519386093,0
2026-01-05 00:40:00,40.34929668538055,1.6979482746120698,232.91576920416276,52.991194228402875,0
2026-01-05 00:50:00,40.03835758299959,1.6422573669502722,232.95733736665605,51.24457941470302,0
2026-01-05 01:00:00,40.72464900778671,1.7308445909137644,232.44731613150574,52.75706767415375,0
2026-01-05 01:10:00,41.447218427614125,1.8667470187322388,233.99966580914216,53.98684655265039,0
2026-01-05 01:20:00,41.68087625830024,1.7046363981604262,233.86707294245875,52.57351194070356,0
2026-01-05 01:30:00,40.74466670854298,1.7150642133364133,231.82002519156083,54.69084932957724,0
2026-01-05 01:40:00,41.03918301460816,1.6636990764553765,231.0068676895111,54.478938847701095,0
2026-01-05 01:50:00,39.52585750188769,1.6378215976742803,232.36510926797197,54.370729219956424,0
2026-01-05 02:00:00,40.751102310202974,1.7777148837864856,231.66695386350148,52.34876372163323,0
2026-01-05 02:10:00,39.98369188300907,1.648395664564892,232.5686742957447,51.46457332392151,0
2026-01-05 02:20:00,40.58271600864245,1.7283152650667024,234.1473199305732,52.21023526780463,0
2026-01-05 02:30:00,39.430854542265344,1.690195926114304,232.13070657284487,53.471444703878575,0
2026-01-05 02:40:00,42.25207811042926,1.7726540966516733,232.644736229861,54.04241227035832,0
2026-01-05 02:50:00,40.6984756889141,1.7670621299249862,232.78198603375614,50.013201625400185,0
2026-01-05 03:00:00,40.57268882374876,1.8295096568264322,233.74628647464687,53.305388405289854,0
2026-01-05 03:10:00,41.35674781606332,1.711943843196807,230.04728660831265,53.60185976363608,0
2026-01-05 03:20:00,40.35706706916745,1.7374927527423738,232.03046917376855,52.9957407851665,0
2026-01-05 03:30:00,39.6572468410034,1.6872156064527022,233.02657466511351,55.39645796511193,0
2026-01-05 03:40:00,39.4138723569477,1.7365009892507535,234.2272204080242,54.13986139890834,0
2026-01-05 03:50:00,42.71148270487224,1.808847415022596,232.21049866652433,55.52027251022454,0
2026-01-05 04:00:00,41.009733212037176,1.845929922131454,230.562136683074,53.27898172848002,0
2026-01-05 04:10:00,40.396910711664276,1.7183909128916302,233.57043231051196,55.0572163152528,0
2026-01-05 04:20:00,42.7710869962429,1.868609050033669,232.0766806753889,56.15181213463893,0
2026-01-05 04:30:00,42.950716535350956,1.9144484238189954,231.42340891167098,55.715095260773616,0
2026-01-05 04:40:00,41.76640061726628,1.8461066045171652,232.11324233118268,52.1578104841861,0
2026-01-05 04:50:00,42.079437647091694,1.9702846791908046,232.65202701285946,53.46409694218947,0
2026-01-05 05:00:00,40.217285278139954,1.7654190213810015,232.1583155159293,53.37556772243351,0
2026-01-05 05:10:00,40.521976210896625,1.7349999930022382,230.24743089562847,54.676010972927564,0
2026-01-05 05:20:00,39.38562060197385,1.6995911301592939,233.980238452359,55.02057967874116,0
2026-01-05 05:30:00,43.28194396130635,1.9689519181871047,234.44280421113746,52.78173140531162,0
2026-01-05 05:40:00,42.86829472197879,1.9090575396135931,233.70352055355755,54.19094524951493,0
2026-01-05 05:50:00,42.443056020807646,1.8597587420443584,231.56475485301857,51.10850462318774,0
2026-01-05 06:00:00,41.29315075341968,1.8941545504178503,232.69601350732157,56.350607432627065,0
2026-01-05 06:10:00,42.40015997661076,1.7893207765894565,232.9373444345173,53.468504095742155,0
2026-01-05 06:20:00,44.88860546613688,2.082671153235072,233.67062976817846,54.37031319217545,0
2026-01-05 06:30:00,42.18694143541102,1.9050449780116978,233.7605303191301,53.87156588475533,0
2026-01-05 06:40:00,42.99256482753463,1.9111972712927583,232.0834961430968,56.10467138698737,0
2026-01-05 06:50:00,44.53828296279382,1.9682844423311532,233.06841914046154,50.17902136758659,0
2026-01-05 07:00:00,41.70139764057578,1.9565171852111087,233.52381666915642,54.46007299283565,0
2026-01-05 07:10:00,42.36499858547521,1.9437932871959152,234.7266578308212,54.376019347440014,0
2026-01-05 07:20:00,39.94503630545732,1.8705203733850513,233.8292041851232,53.904098404524994,0
2026-01-05 07:30:00,43.01728860094062,1.9793780587435086,233.9343234431654,57.22373985094713,0
2026-01-05 07:40:00,44.55332961812809,2.1001481452286668,233.09123966898008,53.35328945048328,0
2026-01-05 07:50:00,43.815914820870134,2.065165549394719,234.68592370423806,55.89189308226671,0
2026-01-05 08:00:00,43.68382274207256,2.092949622680614,233.48734539127523,55.31851975701548,0
2026-01-05 08:10:00,40.74778837034433,1.932573986945025,231.96411378894692,56.726382796065494,0
2026-01-05 08:20:00,42.045182886078315,1.9022900150987547,234.6827841496724,53.883300222871846,0
2026-01-05 08:30:00,43.692098221669646,1.9793900231638848,233.83707646988287,53.83462202564675,0
2026-01-05 08:40:00,42.49392675716672,2.001909764476035,232.46832339456358,56.62817835225041,0
2026-01-05 08:50:00,44.27244788780857,2.0929869069491236,232.42449959593944,55.67205516286902,0
2026-01-05 09:00:00,40.251066912413435,1.878052048511269,233.35522802099825,52.766663482406614,0
2026-01-05 09:10:00,44.821186456926405,2.1438054983540757,233.55413669079982,54.32509987589455,0
2026-01-05 09:20:00,42.66460160954901,2.016784518516444,233.23357474427675,55.76360586790123,0
2026-01-05 09:30:00,42.20666869249561,2.003246572744674,233.36843527503441,56.49063430595333,0
2026-01-05 09:40:00,41.704394938546145,1.9643856579326437,235.0323866162358,54.26507468174596,0
2026-01-05 09:50:00,41.401744042901015,1.920904282818715,234.2753948869543,50.96244097288236,0
2026-01-05 10:00:00,44.38107884860847,2.1270639554833846,233.2149440412909,56.16853065006814,0
2026-01-05 10:10:00,42.53170255492629,2.074968755032578,234.11192567143655,53.60304738113405,0
2026-01-05 10:20:00,41.91966108376527,1.973771814163598,231.73902994644055,52.45730941097347,0
2026-01-05 10:30:00,42.21931465440715,1.9811969664149476,233.4508114311656,51.2845695814299,0
2026-01-05 10:40:00,42.454970242547255,2.0657411540974056,235.13924235954985,56.803717314549075,1
2026-01-05 10:50:00,46.46099299895303,2.2338892735870313,232.70073167840047,55.82530148108946,0
2026-01-05 11:00:00,42.808184188113835,2.0873237192956466,231.93907518462638,55.34345677863961,0
2026-01-05 11:10:00,41.796315400009405,1.9955198320263736,232.16711647291083,57.81497574481142,0
2026-01-05 11:20:00,42.8396086648022,2.1037457570563207,231.63498986205033,56.73685093225067,0
2026-01-05 11:30:00,44.809129315775735,2.1091718900752636,231.9933018173728,58.254660593407664,0
2026-01-05 11:40:00,41.660944024030314,1.9227710235278774,232.4824143987874,53.79037092232193,0
2026-01-05 11:50:00,43.20531348613484,2.141655138014854,231.2318943624872,55.87682384920895,0
2026-01-05 12:00:00,44.51503379029313,2.13494233974835,232.9284114332748,53.5526625130807,0
2026-01-05 12:10:00,44.81969540051912,2.21647062138355,233.9830420581838,55.682644095639574,0
2026-01-05 12:20:00,46.01353759816444,2.315983302326284,231.80118888311728,55.70267615978906,0
2026-01-05 12:30:00,44.94555332317251,2.2654174951416253,234.70337222315135,57.06429518425227,0
2026-01-05 12:40:00,43.36826562557647,2.160936561000655,233.48246720618764,56.24138290145324,0
2026-01-05 12:50:00,43.37002314560988,2.10100797038305,234.09505023173034,57.156692835812564,0
2026-01-05 13:00:00,46.32860936405163,2.4024054046895142,232.05734228146227,57.32516521955846,0
2026-01-05 13:10:00,45.611223473547184,2.208202060470109,233.8601194377495,59.55069392793861,0
2026-01-05 13:20:00,43.44939503058179,2.211425511299934,231.51187098956495,55.89351999195588,0
2026-01-05 13:30:00,45.417516082411964,2.2151436215129805,233.8775502141062,55.002958341547895,0
2026-01-05 13:40:00,44.517378513509044,2.239596043320975,233.00208302381859,56.831503785123964,0
2026-01-05 13:50:00,44.51459913895914,2.218786566761697,233.44596303310396,55.306698054424345,0
2026-01-05 14:00:00,44.51389281722519,2.1909364453324702,231.3570991039682,58.78064797022169,0
2026-01-05 14:10:00,43.5516771829242,2.1994799681462656,231.67904741648942,56.1803127121986,0
2026-01-05 14:20:00,45.126648978059535,2.246910411160452,233.45469351447576,55.80404765921557,0
2026-01-05 14:30:00,42.170253848423975,2.2122588714771854,231.58446266285273,55.99254582986588,0
2026-01-05 14:40:00,43.43180285613092,2.2048050812123274,233.26236305178782,57.82408279684113,1
2026-01-05 14:50:00,44.10714221643666,2.2763423230939925,231.04956247932301,56.556598792616775,0
2026-01-05 15:00:00,43.56002698685781,2.253317760946152,233.69112892107864,55.87730232266635,0
2026-01-05 15:10:00,46.00481130175714,2.3998139281617763,231.17706620616963,59.384229735973015,0
2026-01-05 15:20:00,42.46444937924903,2.0730836610699748,233.30121341780801,55.648157786606774,0
2026-01-05 15:30:00,46.30567638849916,2.37803448986527,233.37115766867825,57.03177910706614,0
2026-01-05 15:40:00,46.15612114218359,2.3958371713807898,231.76581198964354,58.002708830498335,0
2026-01-05 15:50:00,42.358791383207794,2.1355970954640604,233.28150112817096,54.62286412125028,0
2026-01-05 16:00:00,44.7671797586178,2.2792506812999185,232.8763274402651,57.835667737823876,0
2026-01-05 16:10:00,44.58951679083593,2.2820251321296086,231.89751338540697,55.57781414539757,0
2026-01-05 16:20:00,44.182998845679954,2.2040894864106906,231.31378736638175,58.439632457007015,0
2026-01-05 16:30:00,44.694596990452006,2.2592884356133784,230.14843715355693,55.806243851024625,0
2026-01-05 16:40:00,43.86968980516901,2.237362450394459,232.9023118560856,58.33391097966174,0
2026-01-05 16:50:00,45.98425069338995,2.4709544218588677,230.58372436766086,58.99781462048499,0
2026-01-05 17:00:00,45.38553519037469,2.4100590214857194,232.55427202415012,58.67529349409371,0
2026-01-05 17:10:00,45.792939269828516,2.4412270438517227,232.10171119404455,57.80394905071861,0
2026-01-05 17:20:00,45.44050438935907,2.401398491066057,233.2104326683963,57.123615341298496,0
2026-01-05 17:30:00,44.08194319710859,2.2573652126273864,232.01024473704936,56.649283013905595,0
2026-01-05 17:40:00,44.98360646401528,2.309613290298616,231.95422926194334,59.76355864820542,1
2026-01-05 17:50:00,45.42737055713732,2.3944698084984264,233.20431160482653,56.550602316769826,0
2026-01-05 18:00:00,43.83672321648772,2.2611524276881276,232.7042731055034,56.08682458935966,0
2026-01-05 18:10:00,45.787281201079054,2.4194217713371757,232.65736761553524,58.6827914147893,0
2026-01-05 18:20:00,44.41292876202679,2.3464701616675607,232.81652264118614,56.53257864842177,0
2026-01-05 18:30:00,43.99792796463416,2.3388785519115465,230.38578396266232,56.34346177185076,0
2026-01-05 18:40:00,44.45846321483902,2.428761496198614,233.11133770960674,55.64464693624907,0
2026-01-05 18:50:00,44.94230962082465,2.4102974969669377,232.9125303853929,57.12690387877545,0
2026-01-05 19:00:00,44.98321870937714,2.3486009745121152,230.93158437669544,57.76812628609626,0
2026-01-05 19:10:00,45.61403073744418,2.472795501502234,231.8324076772208,58.297477379934776,0
2026-01-05 19:20:00,43.781834411701105,2.2959828859009153,232.05150354065483,59.40014683986087,0
2026-01-05 19:30:00,45.895364744711394,2.434008653458922,231.91031627142917,58.80358472760855,0
2026-01-05 19:40:00,45.90130250300858,2.43429386994308,232.44506079864712,57.76667856020512,0
2026-01-05 19:50:00,43.90291412626881,2.364039285412871,233.73446596516925,57.795137126245535,1
2026-01-05 20:00:00,45.953519376774395,2.4166953575734884,233.28702776345395,58.89680135498105,0
2026-01-05 20:10:00,44.51573292240898,2.2921611082410993,230.3860157586234,60.07924175288876,0
2026-01-05 20:20:00,45.00742271399952,2.4676609395984723,232.6786275275308,58.398362128599466,0
2026-01-05 20:30:00,44.13908297232467,2.380277700595033,233.49802637753146,57.54337798252894,0
2026-01-05 20:40:00,45.20567679089019,2.354425100636425,232.3383420860896,56.79563399196563,0
2026-01-05 20:50:00,45.756862550398324,2.4811782592186327,233.153921003119,56.154655336163074,0
2026-01-05 21:00:00,42.599913998825265,2.3417657070702305,234.22975342179618,59.35906573647959,0
2026-01-05 21:10:00,42.47378268189344,2.2861327397937155,233.01348114177208,59.26349104618341,0
2026-01-05 21:20:00,43.110954459777574,2.2748162322700267,232.05392189344536,59.29909093119819,0
2026-01-05 21:30:00,44.52015659036468,2.448204551606818,232.97830546344443,58.276235555120735,0
2026-01-05 21:40:00,43.20499803410345,2.297506712474072,231.86724300749458,60.615459005015616,0
2026-01-05 21:50:00,46.40043274677997,2.540381929315338,231.69097498614974,57.814360803062186,0
2026-01-05 22:00:00,43.686087865814805,2.2333413821840438,231.2092482481418,60.0085700086076,0
2026-01-05 22:10:00,46.052921180812156,2.535349631374043,233.4754405264974,58.55232185453428,0
2026-01-05 22:20:00,45.54595378162022,2.416092058462754,230.58537936734552,57.73231905361037,0
2026-01-05 22:30:00,45.46332889010076,2.3908914723709214,233.37423938895472,59.56768518373411,0
2026-01-05 22:40:00,44.99887542518546,2.354293408516293,232.10289951786208,59.327020537005,0
2026-01-05 22:50:00,45.06092550740724,2.4289170892805343,229.7913247591755,59.28133088055883,0
2026-01-05 23:00:00,43.026957273278526,2.3929158994227664,231.87887115868202,58.90072017336957,0
2026-01-05 23:10:00,45.776626675170405,2.482972936271167,228.88463539961376,58.75451583923181,0
2026-01-05 23:20:00,45.19444854997589,2.402471229444329,232.1220325543027,62.426085240264435,0
2026-01-05 23:30:00,44.393036295645736,2.403824062347187,232.40024215695874,60.65169965838259,0
2026-01-05 23:40:00,45.13078430907482,2.361021133587356,230.59346961964405,59.99095494445652,0
2026-01-05 23:50:00,44.75758906009117,2.3837086109581795,231.41868259691165,59.105422582468634,0
2026-01-06 00:00:00,44.85397946756342,2.410887252131076,233.58134437622562,60.47907512014077,0
2026-01-06 00:10:00,43.22833863592639,2.2472939888768857,230.59519632654667,59.77555012729017,0
2026-01-06 00:20:00,42.996296424680274,2.2739433383279115,229.89695235864136,59.06768388285712,0
2026-01-06 00:30:00,42.9719664439295,2.4387972972468748,232.91100419590967,58.60244622247187,0
2026-01-06 00:40:00,43.76289881409919,2.39039167299384,233.4533023612242,58.96542688466183,0
2026-01-06 00:50:00,44.553202045965875,2.359239355301659,231.0676505672759,54.35976579124044,1
2026-01-06 01:00:00,43.28643094264172,2.3725187428985297,232.24182330672022,59.45949562089564,0
2026-01-06 01:10:00,43.95225171708248,2.3957881580615434,232.602530032558,58.43865585269208,0
2026-01-06 01:20:00,42.46514066237701,2.3215912528448754,230.066314008002,61.58773344766922,0
2026-01-06 01:30:00,44.15471597361058,2.2991521509271085,230.33931466232397,59.25468316450372,0
2026-01-06 01:40:00,44.95542311359246,2.3735840892640163,232.36297364738348,57.468737973840376,0
2026-01-06 01:50:00,41.96844359745647,2.2760034247285206,232.87204550902163,59.20345370204054,0
2026-01-06 02:00:00,43.95626429696162,2.3831485409012076,231.48945673455015,57.73475531190075,0
2026-01-06 02:10:00,41.28409364240606,2.2103565149562874,229.7220666201105,60.03928067921765,0
2026-01-06 02:20:00,44.74592367495368,2.4248319164720935,233.1260397838062,59.79039030496469,0
2026-01-06 02:30:00,44.06938845636203,2.376106531050217,230.06800810959734,60.81509301462681,0
2026-01-06 02:40:00,44.003257667915726,2.3544450631910223,230.26650440489502,58.21593736022332,0
2026-01-06 02:50:00,44.29429970117343,2.40810833452929,231.0428672207305,59.47675844957192,0
2026-01-06 03:00:00,46.70047663816617,2.458129589909248,232.46034764286955,57.40125729861184,0
2026-01-06 03:10:00,43.2283399690335,2.4013098657703758,231.58332660551432,60.52363097586911,0
2026-01-06 03:20:00,39.9357018575584,2.168030888443595,231.0195070565756,60.27184724971831,0
2026-01-06 03:30:00,41.32212315606131,2.2079491198656473,231.04064620513776,60.25895033637228,0
2026-01-06 03:40:00,41.0526513444893,2.255220119269826,230.4998733508389,59.538922157121334,0
2026-01-06 03:50:00,41.65388158137987,2.302061139610484,231.08030900005969,60.179450105943495,0
2026-01-06 04:00:00,42.392207402015174,2.336034841796644,227.33789117728804,61.98414086661835,0
2026-01-06 04:10:00,41.175703268893415,2.231093034752513,229.98019767026972,59.16987449358183,0
2026-01-06 04:20:00,41.9499742067748,2.298508643448027,230.5884237745852,59.82490758194272,0
2026-01-06 04:30:00,41.996674084198624,2.2174380070465958,228.88028469112925,58.006712594705014,0
2026-01-06 04:40:00,41.337123276245656,2.2231374129887183,230.6877128525425,58.35200925183807,0
2026-01-06 04:50:00,40.72115936912917,2.153607325165941,229.94134766662606,59.819153848443186,0
2026-01-06 05:00:00,41.854883019542,2.1862564763739742,232.25584305688182,61.345900203926554,0
2026-01-06 05:10:00,40.19853043580162,2.1458512481763186,231.99943165277438,59.322675626486735,0
2026-01-06 05:20:00,40.8272738517965,2.1696854459300017,229.51535959341828,59.36984834212258,0
2026-01-06 05:30:00,43.13294689998017,2.325716840620271,229.85582770299408,59.1295491741837,0
2026-01-06 05:40:00,39.51045898287214,2.1590472095287514,229.91059680358353,58.95342195576906,0
2026-01-06 05:50:00,42.553661855037696,2.439069313050987,229.41984354044106,60.21321851496081,0
2026-01-06 06:00:00,42.32640793721953,2.2613324187103525,230.15837188540277,57.539602160834114,0
2026-01-06 06:10:00,42.04646062746633,2.229953371474888,228.9769222360638,61.72114674593172,0
2026-01-06 06:20:00,42.05917534446589,2.139711290380434,228.49265880874626,58.81537271632866,0
2026-01-06 06:30:00,42.13444890957617,2.257534785176527,230.55921070267345,60.909648827666174,0
2026-01-06 06:40:00,41.28556868751206,2.148508449442498,230.52998213968073,57.93460046406662,0
2026-01-06 06:50:00,41.15721247984149,2.1972919202347354,228.77199235827308,60.855179360822206,0
2026-01-06 07:00:00,43.75491223298295,2.385234547692553,230.774263484485,60.87167169369681,0
2026-01-06 07:10:00,42.07603493857318,2.1655674735128403,228.90465629013946,60.45140713553103,0
2026-01-06 07:20:00,40.52945856282752,2.257949313857232,229.9291131742953,58.39432298402943,0
2026-01-06 07:30:00,40.43902504729715,2.1024421152421735,230.57255157108293,60.27066119782812,0
2026-01-06 07:40:00,42.19730583234434,2.1485224551345756,229.51069189808322,58.13163815322023,0
2026-01-06 07:50:00,42.544702737672544,2.285550363751105,230.05967444119833,59.536470446413816,0
2026-01-06 08:00:00,41.112070125784776,2.086236174196473,228.85730408366598,61.46863632179079,0
2026-01-06 08:10:00,41.76926417984617,2.2738420937815067,229.20437578053412,61.12797845470034,0
2026-01-06 08:20:00,41.03796908634067,2.1778674975347188,229.1563078655691,59.963615583195654,0
2026-01-06 08:30:00,39.77568832705397,2.0686026368627983,228.47074189579368,58.48605283079193,0
2026-01-06 08:40:00,39.258282345793766,2.1564997958179126,229.11790260676972,60.92357096608274,0
2026-01-06 08:50:00,40.2308115593181,2.1759763689641396,227.4351900159379,59.99069244270328,0
2026-01-06 09:00:00,39.855548210932746,2.1401423787756526,228.6677582342613,56.48708221922145,0
2026-01-06 09:10:00,39.00617034243023,1.956969015183882,228.8790189649826,61.14693863503066,0
2026-01-06 09:20:00,39.7625259898375,2.0165723959900057,228.8773024177727,59.941585628494735,0
2026-01-06 09:30:00,39.75145980284607,2.0470683601412945,228.85889713559814,61.78605494567761,0
2026-01-06 09:40:00,40.18013773218093,2.0530149105380215,229.0386859955063,58.343417256187124,0
2026-01-06 09:50:00,40.068456915348065,2.100699499502995,229.65238044445786,55.22471364725747,0
2026-01-06 10:00:00,40.512617730907195,2.057317540994438,230.0908629080922,60.4113425143908,0
2026-01-06 10:10:00,38.138448963539204,1.928312401434117,228.22626571596567,60.43251033420544,0
2026-01-06 10:20:00,39.733713039655626,2.0575802119110227,227.52683984374656,57.46110595776296,0
2026-01-06 10:30:00,39.64292878068027,2.0680248117615276,227.68508528657165,58.530812953187215,0
2026-01-06 10:40:00,40.174167661413804,2.055967085356428,228.3159191068103,64.13233790831973,0
2026-01-06 10:50:00,39.81588181620602,2.0896477315587445,228.4434528467003,59.54154444529889,0
2026-01-06 11:00:00,40.473339078893325,2.0618991958037807,227.90713618741708,61.0963479130136,0
2026-01-06 11:10:00,38.55429947956787,2.0239219054700683,227.24134714185828,59.02336880253812,0
2026-01-06 11:20:00,37.98676480514774,1.9735814427365428,228.21508583327972,56.862853358764134,0
2026-01-06 11:30:00,37.62810703509255,1.8383333473361347,228.9460798253416,59.741369673697726,0
2026-01-06 11:40:00,39.01067615304396,1.9976067174395342,229.40853898509508,59.5962998687697,0
2026-01-06 11:50:00,38.46143571216121,1.9718940173793633,227.99193568840238,59.3923395499949,0
2026-01-06 12:00:00,39.383890268257225,1.969064939682097,228.1317949321019,59.81714664200578,0
2026-01-06 12:10:00,36.77056136567127,1.8372794407857698,227.48211778175659,60.381962383369796,0
2026-01-06 12:20:00,37.165426028100676,1.8450397292251886,228.52341184192647,59.756338077813616,0
2026-01-06 12:30:00,40.25683004303505,2.007908795716957,227.51023239847794,58.080959634367055,0
2026-01-06 12:40:00,39.22967207260038,1.9126550064893875,229.18353799135184,60.70120376248361,0
2026-01-06 12:50:00,39.87003998475184,1.9625359970454137,226.32041771169048,57.042329442495415,0
2026-01-06 13:00:00,37.870701092561134,1.9025147262007838,227.99981486325666,56.88481475532219,0
2026-01-06 13:10:00,38.85798598221729,1.8949029610923138,228.7608573405906,61.06258951810977,0
2026-01-06 13:20:00,38.132413309301356,1.9599013778120538,228.5885380869189,60.70732164131995,0
2026-01-06 13:30:00,36.694801152482576,1.8359173614731061,231.56824020445515,59.85317596756435,0
2026-01-06 13:40:00,36.20224264392971,1.8773019862691058,228.7252828804026,57.83808011731581,0
2026-01-06 13:50:00,38.413932957312284,1.8250938387326303,227.0698451365604,58.86087720153225,0
2026-01-06 14:00:00,36.59743714875959,1.8198348691659592,228.12961093106398,59.519621958849555,0
2026-01-06 14:10:00,37.167829382475325,1.8224376632489052,226.0824041473847,57.51040822524083,0
2026-01-06 14:20:00,37.06436634830771,1.857580130012009,228.0871908428925,58.78572286795888,0
2026-01-06 14:30:00,37.451800093479534,1.794211607795991,227.1545378284349,60.86228861664353,0
2026-01-06 14:40:00,38.30513477230607,1.9257410499905465,229.22325638399357,62.013790034955996,0
2026-01-06 14:50:00,35.52948841648385,1.7465509236291605,227.43621567834379,59.23223145953983,1
2026-01-06 15:00:00,37.37197226741894,1.7960814739077047,227.92671841206564,60.98418158569958,0
2026-01-06 15:10:00,35.758394936361135,1.7688400034108454,227.27564365720207,56.96593947317778,0
2026-01-06 15:20:00,37.93045441246646,1.912842391444963,230.096716754571,60.81330326663587,0
2026-01-06 15:30:00,35.786279465560995,1.8059553790716867,227.5966967970523,58.60481820016031,0
2026-01-06 15:40:00,37.01258454892057,1.8660093011666863,230.1536648316172,60.257892594526275,0
2026-01-06 15:50:00,35.6655251075233,1.6579342616423303,228.90430634718678,59.410899205897984,0
2026-01-06 16:00:00,35.7973536722085,1.7915497516180885,228.47885601002181,61.74832426292862,0
2026-01-06 16:10:00,36.68445833984231,1.8348547555053933,228.31623548056305,58.44074842438657,0
2026-01-06 16:20:00,36.89721523762176,1.7638600956369468,228.32002444954963,60.6780347556534,0
2026-01-06 16:30:00,37.416520406540975,1.8362059769526786,225.50830891317736,59.301113868196296,0
2026-01-06 16:40:00,37.627977859909194,1.7033742510527912,227.4612446358047,59.46619456638437,0
2026-01-06 16:50:00,39.324501229917885,1.851396996055022,228.78482736000538,59.410679302559174,0
2026-01-06 17:00:00,38.24655699592561,1.9165574613441048,227.6870425935228,58.40028920234709,0
2026-01-06 17:10:00,36.64992460781008,1.6977218754245214,226.0349250434215,59.62952225102325,0
2026-01-06 17:20:00,36.66791610272755,1.6853214041253592,227.63405723001628,59.5381051443011,0
2026-01-06 17:30:00,37.512738438093855,1.8315566212217667,229.71801874937708,59.9748814238068,0
2026-01-06 17:40:00,36.97165597204069,1.8360897737843787,229.14587532229402,59.72026104518792,0
2026-01-06 17:50:00,35.959830372435015,1.6624494455560856,227.55208083059065,60.77051808001414,0
2026-01-06 18:00:00,35.916090394472384,1.6653358327211083,228.7454760092667,60.9383547597997,0
2026-01-06 18:10:00,35.836846951493875,1.6712009554151948,227.14155409856028,57.95626712773047,0
2026-01-06 18:20:00,35.40515354747662,1.5811031277035386,225.51472017219984,60.81401791966762,0
2026-01-06 18:30:00,34.95448964592348,1.6102069895112008,226.42839178811155,57.70956050426814,0
2026-01-06 18:40:00,34.5691450614546,1.5985343766580464,229.39198711495288,60.34860605051736,0
2026-01-06 18:50:00,35.6583298136739,1.6127367750212236,227.16688655202864,60.37374079024341,0
2026-01-06 19:00:00,36.53742030786119,1.6668110628933934,227.18316642763293,56.55402326101581,0
2026-01-06 19:10:00,35.68517222186162,1.683880467395023,227.09536481062514,59.53689135744844,0
2026-01-06 19:20:00,38.40753204519558,1.7848747013447792,229.72047562132377,58.67066246817435,0
2026-01-06 19:30:00,34.059027491520254,1.5767933734011894,229.36740417602905,58.21080556485294,0
2026-01-06 19:40:00,36.78644858169028,1.7313718540226115,230.05993522662828,61.350343869624616,0
2026-01-06 19:50:00,35.85154804036549,1.6316102650341882,227.188096814026,58.31822618150611,0
2026-01-06 20:00:00,35.738168249947414,1.6410160897952035,227.7156621065815,58.06342914676433,0
2026-01-06 20:10:00,36.478753675319446,1.695344565927641,225.52331566637724,59.360359302534974,0
2026-01-06 20:20:00,36.45591008953669,1.5480705164318056,229.09839714866536,60.24859918591065,0
2026-01-06 20:30:00,35.99501907858753,1.6651551693146356,225.90794728265348,58.98071734344371,0
2026-01-06 20:40:00,38.0937875162234,1.6446988479117934,227.5530407466387,60.915302381430706,0
2026-01-06 20:50:00,37.00756152632706,1.6677464960269044,225.96019734020663,59.934349825156055,0
2026-01-06 21:00:00,36.57661609597169,1.6486002649571567,226.5547959539238,55.84229533671086,0
2026-01-06 21:10:00,38.932868791078505,1.819156971472594,226.24162489642538,58.286726897338625,0
2026-01-06 21:20:00,37.41105436779162,1.5691308501605368,226.50222342235062,58.209071130529225,0
2026-01-06 21:30:00,35.05907673613081,1.5752393160372573,226.5704929582061,59.7413774666071,0
2026-01-06 21:40:00,34.895949496960924,1.565589761134196,226.54571888420546,55.055209978556285,0
2026-01-06 21:50:00,35.232998032728524,1.5688785829974472,228.19028029371867,62.785650412619226,0
2026-01-06 22:00:00,35.72357605093682,1.5603561997711166,225.85152142247026,59.72797906802596,0
2026-01-06 22:10:00,36.266789689816285,1.7046543658196616,227.42952469338627,59.12366606698681,0
2026-01-06 22:20:00,37.73520291229566,1.7215154381221762,228.61438715307685,60.64122333932879,0
2026-01-06 22:30:00,37.01805713458245,1.5607142944673844,226.52540658579048,62.35248686355637,0
2026-01-06 22:40:00,35.71412409723591,1.5384418969558955,226.26859228229233,60.110876073476476,0
2026-01-06 22:50:00,36.6836877702971,1.6415579147487238,226.84276654578107,60.195345601117694,0
2026-01-06 23:00:00,35.504066715703544,1.5586396109788156,228.52481757933762,58.93515363347102,0
2026-01-06 23:10:00,37.73648311514057,1.652583651947711,227.33227940960455,58.49344869834445,0
2026-01-06 23:20:00,36.15171930789034,1.6174738152514656,226.45254924270884,57.95829232336322,0
2026-01-06 23:30:00,36.409528280318405,1.4794308101335116,227.6617692020213,57.398698467285485,0
2026-01-06 23:40:00,39.45036942219264,1.7241008397298325,225.74993353464544,57.57286248718085,0
2026-01-06 23:50:00,38.556499049657376,1.7437405962625006,227.8823398079857,56.542706536727536,0
2026-01-07 00:00:00,36.099775357586104,1.5509772124822494,227.54752007904264,58.41953330265186,0
2026-01-07 00:10:00,37.09081920863576,1.5690741027759167,226.68076386665098,55.97078577717376,0
2026-01-07 00:20:00,37.829825012178375,1.6232093372554954,226.03723470665406,58.74825881776337,0
2026-01-07 00:30:00,36.59544093657776,1.6275063862520462,225.97338613204866,58.371138822500484,0
2026-01-07 00:40:00,37.15371822317484,1.654002816662006,227.67351251611854,58.60944582454147,0
2026-01-07 00:50:00,37.947820144494656,1.7628645367189715,228.50130057508596,57.56891476286537,0
2026-01-07 01:00:00,37.11570864513767,1.588780469612223,226.25701153483996,62.93013670568167,0
2026-01-07 01:10:00,36.75706216665299,1.5401193626495164,227.56756707539773,60.31742255134426,0
2026-01-07 01:20:00,34.84722531852493,1.494842899835237,224.5092588177584,56.3725097794705,1
2026-01-07 01:30:00,36.15748114557152,1.5480772501055375,226.30880477690525,58.5503765596082,0
2026-01-07 01:40:00,36.26637360300631,1.6054220847882505,226.97019727520853,57.250496008156844,0
2026-01-07 01:50:00,38.400239460654205,1.75331422689416,225.91343741227263,56.60190017870984,0
2026-01-07 02:00:00,37.26271315755119,1.5701741440420312,225.87930733457105,56.07431384891932,0
2026-01-07 02:10:00,37.1444875459657,1.6314748958502152,226.20030524541014,58.69324073895314,0
2026-01-07 02:20:00,37.28780283591469,1.6144014058912677,227.35126620355712,56.98303460838609,0
2026-01-07 02:30:00,37.58880364442069,1.7130837860921595,226.77530296856057,59.41673274721259,1
2026-01-07 02:40:00,40.218569042423674,1.82261679490264,224.31415190035793,59.41525928625447,0
2026-01-07 02:50:00,37.19777050025528,1.5805943856747924,224.45558952619137,59.94475733940072,0
2026-01-07 03:00:00,36.83663497658848,1.5866611882018768,226.27306050168573,56.56431702342419,0
2026-01-07 03:10:00,38.767000656810005,1.7122513383372866,227.55186016511436,58.51467271217699,0
2026-01-07 03:20:00,38.75963914426294,1.6863204195726689,223.70743632930157,58.70875258461112,0
2026-01-07 03:30:00,39.26487829347666,1.7827036061424089,226.40703985773274,57.0069749556745,0
2026-01-07 03:40:00,37.67496962710942,1.6850252029154906,226.37796026436104,56.518483418967264,0
2026-01-07 03:50:00,39.15377998268273,1.613056179630644,228.67867191525065,60.04805387854129,0
2026-01-07 04:00:00,38.447207071097466,1.6926838075584894,226.5543160613326,57.93238484320296,0
2026-01-07 04:10:00,39.41039271149123,1.7379014044632732,227.48007086152018,58.50220169345636,0
2026-01-07 04:20:00,40.00092226431532,1.7187577027015566,227.1946000356797,56.27199026454753,0
2026-01-07 04:30:00,41.55647021032189,1.6977538086071788,224.47348390295562,55.63278128906616,0
2026-01-07 04:40:00,38.8470392995785,1.7466957458731271,227.95754858071487,56.563890864923835,0
2026-01-07 04:50:00,40.22811645049477,1.75923075330565,227.30017513519346,57.18814917885194,0
2026-01-07 05:00:00,39.72032974553399,1.7807188814171255,227.65808333260574,55.73372956683833,0
2026-01-07 05:10:00,39.23384065258194,1.726633946342576,231.7665690679139,57.2709376772002,0
2026-01-07 05:20:00,38.424567255829096,1.666088802912424,224.56153128514774,54.70836385260017,0
2026-01-07 05:30:00,38.544349153910524,1.6960446506812368,229.13994476819926,55.516243135229395,0
2026-01-07 05:40:00,40.424485652831436,1.7858038522845554,226.73367149943675,58.157654145984154,0
2026-01-07 05:50:00,37.58374207490204,1.6290281430854014,227.4321594037068,58.0117309316857,0
2026-01-07 06:00:00,40.52315486140589,1.7290989660011618,227.0419613131047,56.47277727812848,0
2026-01-07 06:10:00,39.27493729670313,1.6734802547863614,226.59715735052342,55.48828718000781,0
2026-01-07 06:20:00,40.04614964712918,1.7127072212106642,226.43255852381355,55.42796804206342,0
2026-01-07 06:30:00,40.73383932057758,1.8182598930724612,227.5223361706765,56.36311382047362,0
2026-01-07 06:40:00,39.87044007838568,1.7369613809090094,225.31733381428774,57.84354444687025,0
2026-01-07 06:50:00,40.302198901614574,1.7311894176302918,228.05010100432526,58.222698091328546,0
2026-01-07 07:00:00,38.04941624235032,1.624596047378652,226.66188186995467,56.03891176456869,0
2026-01-07 07:10:00,40.749966818551925,1.799101511448181,225.817584640218,55.00667217284369,0
2026-01-07 07:20:00,40.41755280305431,1.7971608842011764,226.64644671736968,57.09170402301584,0
2026-01-07 07:30:00,41.96938475393197,1.9248052388653376,228.70827511666337,55.40749487222469,0
2026-01-07 07:40:00,38.86108775797144,1.7334446122412461,226.5709654032664,55.818112853454956,0
2026-01-07 07:50:00,41.89964180371003,1.78201767731304,227.65761870645252,58.53594088313402,0
2026-01-07 08:00:00,40.62971261046816,1.7909493284586344,226.3648668921474,57.741080024674076,0
2026-01-07 08:10:00,43.319578476180205,1.9037994762978867,228.1664916309546,56.68959844511171,0
2026-01-07 08:20:00,41.768296352138606,1.7766731072300685,228.09499427608364,54.496843307487424,1
2026-01-07 08:30:00,40.60079844830812,1.8133982862109346,229.50654135227632,56.67376102177415,0
2026-01-07 08:40:00,41.17704906677485,1.8465716658436446,227.0937834920596,57.902460802674604,0
2026-01-07 08:50:00,43.449737814042436,1.8198128771637196,228.1235166393117,55.696702217373904,0
2026-01-07 09:00:00,42.398822680273994,1.7761917041316237,227.45590113584336,58.23837568630969,0
2026-01-07 09:10:00,41.890107932344854,1.834531073646786,228.9107713391225,58.102253151468965,0
2026-01-07 09:20:00,43.06132826156923,1.912064291160023,226.51104461080425,58.61004881871644,0
2026-01-07 09:30:00,40.54857016681867,1.7512919323565568,228.28597848929886,56.5235171695795,0
2026-01-07 09:40:00,42.531510426571714,1.8513567678957386,227.1770714954687,56.89783637441279,0
2026-01-07 09:50:00,41.053080907179925,1.7920792766221003,227.35282314680904,58.08902442808653,0
2026-01-07 10:00:00,42.07820667548913,1.9511231823822863,227.55949423007897,56.589732298536376,0
2026-01-07 10:10:00,40.092977389972596,1.741152800229453,227.77202054128276,55.117596265216854,0
2026-01-07 10:20:00,42.08553018347507,1.8258371004467002,227.35019344237037,55.147352262061474,0
2026-01-07 10:30:00,42.304955833207565,1.9083226717846038,227.7680525766891,56.12863602149676,0
2026-01-07 10:40:00,44.31783919251014,2.0110312577557905,229.42525588416848,53.78552145218296,0
2026-01-07 10:50:00,42.174256341916944,1.8882186109118504,228.73555699192332,55.45696307056476,0
2026-01-07 11:00:00,42.036723508880534,1.8567945731698958,228.6178883703302,57.26709279488069,0
2026-01-07 11:10:00,45.64828355928867,2.0594745188369625,227.0505198347485,52.285749788018464,0
2026-01-07 11:20:00,42.15612129332657,1.8009486652299085,226.55271811647256,57.82465490210995,0
2026-01-07 11:30:00,41.38316364521402,1.7487264076947344,228.78917952489778,57.156741969385536,0
2026-01-07 11:40:00,44.66621431839785,1.9677032938311425,228.71745505547236,54.7337352918279,0
2026-01-07 11:50:00,43.61061777077387,1.9002360517261117,229.45714841643502,56.188627693755386,0
2026-01-07 12:00:00,43.9158635890312,1.8666238552007874,226.98927249707984,55.32838492484732,0
2026-01-07 12:10:00,44.36906917603284,2.012933757570864,227.46305367967378,57.11873840362228,0
2026-01-07 12:20:00,44.07131091252473,1.9837295534244472,225.7959472418276,56.697839706538616,0
2026-01-07 12:30:00,42.812491410561584,1.927073769724131,227.31752855574953,53.07374866771591,0
2026-01-07 12:40:00,42.86185564685097,1.8777613917549814,229.0098896852138,56.004770747463056,1
2026-01-07 12:50:00,46.03021357201859,2.0579759388150025,227.2800633642006,54.765445333968785,0
2026-01-07 13:00:00,46.17716737916467,2.048193783794594,228.63462383809232,55.14813856872779,0
2026-01-07 13:10:00,45.345197651972995,1.9962434863340741,227.66396804687625,53.881632071061524,0
2026-01-07 13:20:00,45.40973829884665,2.159906710032287,228.3082931795345,57.54609834674909,0
2026-01-07 13:30:00,44.74798429523743,1.9345622938166325,226.5693731351354,56.43399590413557,0
2026-01-07 13:40:00,42.38917084161377,1.9061123188618658,228.07635303885493,53.7142694691136,0
2026-01-07 13:50:00,45.228030047990664,1.9807756830008365,224.4125539730812,52.77205095273083,0
2026-01-07 14:00:00,45.08463383100992,2.040440992488655,227.8057693836176,54.14552116777786,0
2026-01-07 14:10:00,46.232771800993056,2.071496940386981,226.10191231769997,55.325874931288645,0
2026-01-07 14:20:00,44.46387734755979,2.0406519992366743,229.53441242527765,54.984553163610286,1
2026-01-07 14:30:00,46.905948928175185,2.0960124354561285,229.0491454921411,56.45410464562969,0
2026-01-07 14:40:00,43.64033169406596,1.9755948313726868,228.70559384164818,55.70948856163947,0
2026-01-07 14:50:00,46.90363146210374,2.1990588490221574,230.00041787834394,55.92921362559443,0
2026-01-07 15:00:00,45.32531703169038,2.0847918598550743,227.06641744288828,54.915446810031284,0
2026-01-07 15:10:00,46.06379225043824,2.188517349720234,230.33214041427735,52.29157671909975,0
2026-01-07 15:20:00,46.729697752015504,2.1342817878185905,229.38439749286132,54.03240056999467,0
2026-01-07 15:30:00,48.15152609712429,2.1510913504766545,228.0126352803381,55.86657393347843,0
2026-01-07 15:40:00,48.97576251852388,2.1677739892890555,229.69024597902765,54.14971824319353,0
2026-01-07 15:50:00,47.17179578977407,2.165601930184457,227.03121108936213,54.93227880037344,1
2026-01-07 16:00:00,48.18353390538912,2.1887437923173616,227.4008642521655,53.650243621015896,0
2026-01-07 16:10:00,48.332935035392076,2.251143971525816,227.691743035134,52.53445833018387,0
2026-01-07 16:20:00,47.54074320719408,2.1679613375017546,227.8192934617351,53.845062097661355,0
2026-01-07 16:30:00,47.55109050873511,2.216326925515399,227.21845509742104,54.44464844038573,0
2026-01-07 16:40:00,47.266110206506596,2.159730909826117,229.9865180153226,52.94864667017414,0
2026-01-07 16:50:00,49.078829031837465,2.289355521385115,228.240918552061,53.52981913689608,0
2026-01-07 17:00:00,46.36879109371574,2.1272014826287364,229.00750161055893,52.42551055648595,0
2026-01-07 17:10:00,49.19922638591619,2.332482301341419,227.93324699453527,55.465008739581904,0
2026-01-07 17:20:00,47.54515200954004,2.1922132702574597,226.46633364573796,53.29601505547666,0
2026-01-07 17:30:00,46.928056768491565,2.087904569983137,229.00872617813502,55.868515567249844,0
2026-01-07 17:40:00,47.19683284432372,2.219474659255942,226.423756638844,55.934318643756654,0
2026-01-07 17:50:00,47.22554993070244,2.161518213642809,228.67010725293758,53.47157841842826,0
2026-01-07 18:00:00,50.15459712397024,2.2899434722791128,227.14469048485321,52.03256544834652,0
2026-01-07 18:10:00,48.28957312913089,2.1770826383088826,231.20578973431543,50.3686283871572,0
2026-01-07 18:20:00,48.70771817053546,2.2001067363234825,229.94926801283927,51.241806502034194,0
2026-01-07 18:30:00,46.483422108680536,2.091052689412198,229.0172903118018,51.34165179454064,0
2026-01-07 18:40:00,48.157651579719946,2.212349096105438,230.44176016647512,55.42281015166062,0
2026-01-07 18:50:00,46.826903309627916,2.0608414991456496,227.94482728913374,53.48170875794673,0
2026-01-07 19:00:00,48.10716399301097,2.1341559656862463,229.6478384596751,53.845414031284506,0
2026-01-07 19:10:00,47.98082157965221,2.327713366547356,229.27084939449267,49.883584997610384,0
2026-01-07 19:20:00,48.53003229358797,2.335649460719321,229.38346603265703,51.37065470991447,0
2026-01-07 19:30:00,50.099134883469446,2.3126181963993724,230.62917703150987,54.45179509917472,0
2026-01-07 19:40:00,47.727632038630034,2.2069082145133483,230.0171945065865,53.505095564734965,0
2026-01-07 19:50:00,48.407438101810975,2.286020409247218,229.520658184384,52.80807794474465,0
2026-01-07 20:00:00,48.11376761233503,2.2950041953235725,227.22443970242864,53.83029797705633,0
2026-01-07 20:10:00,47.564262501156264,2.207960191005456,228.09448729677143,55.39108141961826,0
2026-01-07 20:20:00,49.594019833341235,2.426117950234154,229.13564808214272,52.56037754617746,0
2026-01-07 20:30:00,51.503981983550666,2.3811294549342152,229.43141364854358,52.95076328065779,0
2026-01-07 20:40:00,49.03354530588227,2.2982333513343107,227.99969667430972,53.09058661730321,0
2026-01-07 20:50:00,49.307920736796866,2.322905005930755,232.28662813200526,56.34505818369697,0
2026-01-07 21:00:00,49.99352465987869,2.3421401196386467,231.24905886750352,49.56328613449486,0
2026-01-07 21:10:00,48.15237299139063,2.1667158782620826,230.18878702283473,53.69281061968451,0
2026-01-07 21:20:00,49.91840530198492,2.3147336324011376,229.58963170719557,52.45166149118751,0
2026-01-07 21:30:00,49.64296393608682,2.2842684397605644,229.28555677101147,53.430148831960636,0
2026-01-07 21:40:00,48.193308102782595,2.2628814090521936,228.43499728574122,51.55030078890962,0
2026-01-07 21:50:00,49.16615647330022,2.3245696168257903,229.70743400896842,52.419526812816336,0
2026-01-07 22:00:00,51.95440882667103,2.4947803743887804,229.96097862414393,53.51695566797947,0
2026-01-07 22:10:00,49.979838233159256,2.406000311624911,228.19883549960412,57.076325553919204,0
2026-01-07 22:20:00,49.223077304994526,2.3126641056002777,230.1272811062978,53.576394291842675,0
2026-01-07 22:30:00,50.642652334366815,2.40764725075888,229.57732253228457,51.049884929882786,1
2026-01-07 22:40:00,59.743359955704186,3.2771265352179313,227.51166523849352,59.644254922519096,0
2026-01-07 22:50:00,57.52777350222583,3.2423402005935964,228.8060043000677,59.55795640989068,1
2026-01-07 23:00:00,58.47384936114236,3.1761839983328555,229.37959691726383,57.5030721303759,0
2026-01-07 23:10:00,57.16101113276423,3.1225541288260823,232.17862537723641,59.66014126259808,0
2026-01-07 23:20:00,59.138189409770845,3.2329127197972065,230.61875409997148,61.21354430368657,0
2026-01-07 23:30:00,58.918861005279155,3.2111286522928975,228.3858103029967,58.16226520066962,0
2026-01-07 23:40:00,60.00435736447464,3.2537083909457616,230.60913138292563,61.605942690415006,0
2026-01-07 23:50:00,59.59635279639364,3.2351969572836525,228.2066186536847,60.724782955676226,0
2026-01-08 00:00:00,60.0066416680299,3.2704839620199753,231.4000984063279,58.851973436725636,0
2026-01-08 00:10:00,58.56806845994151,3.1456828567705264,229.57298950013646,59.70153632442704,0
2026-01-08 00:20:00,59.55238915192957,3.2957197323575365,230.0634239812852,62.272129466997136,0
2026-01-08 00:30:00,58.305891324479276,3.2078065828150653,231.80416424385237,60.93609698361616,0
2026-01-08 00:40:00,60.704363740896945,3.3595330973633795,228.70599953017225,59.81039567336317,0
2026-01-08 00:50:00,57.95698295246479,3.1397334155756162,228.61140238092347,59.40246041854498,0
2026-01-08 01:00:00,59.558857069662054,3.334943816633859,229.62492841133368,59.83598830139422,0
2026-01-08 01:10:00,58.58210403756867,3.212939425011375,231.60855480478563,58.91584655033156,0
2026-01-08 01:20:00,57.45638118104172,3.1458741346686807,228.5764808336876,56.489116468242294,0
2026-01-08 01:30:00,57.03912375749263,3.159998531133412,227.0382428955183,62.672591805331244,0
2026-01-08 01:40:00,58.68981382498324,3.173643957659044,229.932504218413,59.805735715717084,0
2026-01-08 01:50:00,58.53000204795152,3.233607659110201,231.1729749985438,60.133735114312884,0
2026-01-08 02:00:00,60.00784226264284,3.2417439990999073,231.98811150358,59.413764937216925,0
2026-01-08 02:10:00,56.36841401907779,3.1541039748691366,230.02882954240377,58.362413640776275,0
2026-01-08 02:20:00,57.626599653784936,3.197974428273687,230.12764567519795,59.15101788844093,0
2026-01-08 02:30:00,60.099399137198525,3.3710672810278286,232.0426758258135,56.995985241137504,0
2026-01-08 02:40:00,60.45236553440638,3.337492093699386,228.4508394356701,62.77624039533127,0
2026-01-08 02:50:00,58.671585211021345,3.2336378112854423,230.26473055686552,57.47473985034243,0
2026-01-08 03:00:00,58.19977934198887,3.2010559861344365,230.99577595646798,57.74482296808393,1
2026-01-08 03:10:00,57.242547913718944,3.2067428032115552,231.34252167161992,58.59901885282504,0
2026-01-08 03:20:00,57.66352506411534,3.245187473261945,230.22775755290246,61.15853056835006,0
2026-01-08 03:30:00,57.09385982664912,3.1130899314642217,230.91679000326758,59.21556715678958,0
2026-01-08 03:40:00,56.61119907791232,3.1729725548535788,227.92526638064683,57.30736725713639,0
2026-01-08 03:50:00,55.79976482211689,3.058567873280885,230.15701714306684,61.0112296253108,1
2026-01-08 04:00:00,58.46619144404876,3.2223275537308087,231.52663377247842,60.194761181912064,0
2026-01-08 04:10:00,57.621974253447156,3.240344333153457,229.83902505420846,59.874841005841965,1
2026-01-08 04:20:00,58.30181797729709,3.1479372727657955,231.12375451339716,60.11011153792266,0
2026-01-08 04:30:00,59.96099646537348,3.3103800308640494,231.62425147566952,62.59777097886868,0
2026-01-08 04:40:00,55.265437341136085,3.08411495750192,230.71180646240796,62.25398779623683,0
2026-01-08 04:50:00,55.43034228627065,3.0625884754779804,231.36210761191373,57.91679212696699,0
2026-01-08 05:00:00,56.048567533297515,3.1951049764089756,230.03677672665458,61.353617628586164,0
2026-01-08 05:10:00,57.8325922028329,3.258176205658777,230.97844073134482,59.46387563948954,0
2026-01-08 05:20:00,59.468025119948216,3.306232308947526,231.992760513987,59.60951137877836,0
2026-01-08 05:30:00,56.522274548516656,3.131768502498529,231.48279855640783,56.294619616612565,1
2026-01-08 05:40:00,58.54594575020217,3.2515874733152756,230.62432112032405,58.55002211944221,0
2026-01-08 05:50:00,56.01837418627535,3.158879979861295,231.63073844741882,57.55935972189453,0
2026-01-08 06:00:00,57.44477914413976,3.1446733447697754,232.2525178699666,59.994099806585645,0
2026-01-08 06:10:00,57.44044094026249,3.2255558064758745,228.96814598209914,60.332473606997794,0
2026-01-08 06:20:00,57.542104193837226,3.2032863839887664,232.85183065563464,55.588392013169596,0
2026-01-08 06:30:00,55.25354915603553,3.021086287855497,231.09007408338525,58.641767911250966,0
2026-01-08 06:40:00,57.281750690231284,3.261279120655928,232.0365723130054,60.332743646387016,0
2026-01-08 06:50:00,57.19248438178716,3.249384175491552,232.99484689284918,58.34549912889979,0
2026-01-08 07:00:00,56.67003967687596,3.08461723929366,229.94406488129735,59.695116667645195,0
2026-01-08 07:10:00,57.16875321845094,3.1618780659040198,230.7704184028389,59.104712873568566,0
2026-01-08 07:20:00,57.6331777809148,3.1651556448357514,231.30691006371524,59.06734069189094,1
2026-01-08 07:30:00,56.813821543348276,3.1417763289528944,230.7438268622163,58.12520805995494,0
2026-01-08 07:40:00,55.81863573797667,3.0720588484410323,233.79715439406368,56.68508628217333,0
2026-01-08 07:50:00,54.30250258820875,3.0573877952853934,230.71773540468476,56.80588822906834,0
2026-01-08 08:00:00,55.84845583705002,3.1039833000951855,231.1095644087374,59.530889361612985,0
2026-01-08 08:10:00,57.07384551244464,3.194633501399318,232.0515684780437,58.47517842309587,0
2026-01-08 08:20:00,57.75938253958811,3.138970424249064,230.39352107387091,58.217808519895264,0
2026-01-08 08:30:00,55.89682714991996,3.060382308312521,231.3907956291284,57.76978510881044,0
2026-01-08 08:40:00,57.48748945731537,3.146200386014261,232.27577687665493,57.92833962371484,0
2026-01-08 08:50:00,53.25306670892546,2.850900331792115,231.524324894019,59.9374546871761,0
2026-01-08 09:00:00,56.07061085420193,3.164892739972906,231.84031698154476,57.84564826358948,0
2026-01-08 09:10:00,53.7722633088457,2.927912931187767,231.34550145464104,56.31880985207193,0
2026-01-08 09:20:00,55.07092098754783,3.0320864752724006,230.1913449155729,59.42824407638379,0
2026-01-08 09:30:00,53.41277095428999,2.965395446890004,232.4223165804683,57.98827962777838,0
2026-01-08 09:40:00,53.52313885609368,2.945179824062026,234.1697016690138,58.325987068993875,1
2026-01-08 09:50:00,55.89402597327555,3.1353062903494155,232.112918734417,60.6740314841519,0
2026-01-08 10:00:00,55.48573652717397,2.9986128836671657,232.38788182362106,58.21606767203459,0
2026-01-08 10:10:00,53.572648146568085,3.057243714278661,232.97522942930655,58.66540380643444,0
2026-01-08 10:20:00,55.379918387519325,3.01917237509673,230.64682777783273,56.44843968170157,0
2026-01-08 10:30:00,54.26613732841635,3.0544027378155194,234.23876515207326,57.87299567553749,0
2026-01-08 10:40:00,53.458993119967715,3.0156121802475946,232.4639222255647,59.1029436033084,1
2026-01-08 10:50:00,53.8205109776484,2.8999702245740577,234.20438900962435,55.8422297467022,1
2026-01-08 11:00:00,55.574294065020034,3.075373080471704,231.3912032389043,58.463676266050875,0
2026-01-08 11:10:00,54.38787349938265,2.949155074584773,234.47684442884542,58.30119726936382,0
2026-01-08 11:20:00,52.92694100345795,2.857037455941523,233.24932538719872,58.20002887268938,0
2026-01-08 11:30:00,54.76764709578066,2.940150578371343,233.00639320924242,59.6824092523867,0
2026-01-08 11:40:00,55.44352913405496,3.087226600322473,232.6468147141494,58.617389220611685,0
2026-01-08 11:50:00,54.192330709733746,3.027882718165939,232.09062160954204,60.3223882625981,0
2026-01-08 12:00:00,53.26400881463538,2.9246080259093468,233.85199126982351,56.60493457627649,0
2026-01-08 12:10:00,53.765920979054485,2.9171338001362637,232.60190568285194,58.28973459912698,0
2026-01-08 12:20:00,52.247704447745186,2.911859804371816,230.09473052877266,58.20356823764636,0
2026-01-08 12:30:00,54.50983735152016,3.096191604732671,231.13594713085237,56.46449893628239,0
2026-01-08 12:40:00,52.992544093700204,2.953015740832508,232.27452573493082,59.49482895672824,0
2026-01-08 12:50:00,51.650744122818416,2.949224392306377,232.89011893437873,61.53989614628497,0
2026-01-08 13:00:00,53.6651156040558,2.989557965837461,232.4704000337671,58.02037151695319,0
2026-01-08 13:10:00,51.35598053543782,2.9185097985335036,234.0208606288835,58.79690211007149,0
2026-01-08 13:20:00,52.10255215001989,2.8709149091012724,230.23616320772314,58.16013409918413,0
2026-01-08 13:30:00,52.59781564642732,2.868125253705199,232.76877800495723,56.957461948623255,0
2026-01-08 13:40:00,51.64408114812763,2.87026656956505,230.43347875372532,55.291678316765086,0
2026-01-08 13:50:00,53.050454755022685,2.8651479232286867,233.54488132497008,56.95963600278817,1
2026-01-08 14:00:00,51.45355418733724,2.9184398480992026,232.5376374229635,55.92633431619258,0
2026-01-08 14:10:00,52.52594938226189,2.8564648469408036,233.1718669451648,60.56689923355429,0
2026-01-08 14:20:00,52.68263932360369,2.9029791507484575,231.64860560255835,57.83505472565684,0
2026-01-08 14:30:00,50.092246260105796,2.8299516400712523,234.23713368256827,57.48631264696016,1
2026-01-08 14:40:00,53.20803719442021,2.834726240512807,233.967933823796,59.33689422837546,0
2026-01-08 14:50:00,49.13596341083718,2.6605944555415526,233.43378119213008,56.319008367059624,1
2026-01-08 15:00:00,51.22803936349576,2.885763629365469,232.59334402567703,56.8503103268189,0
2026-01-08 15:10:00,50.17394394118201,2.8321784157462,233.4594006687692,58.10218608537641,1
2026-01-08 15:20:00,51.4939992767076,2.8763002850726105,231.92967624684107,59.543202454381706,0
2026-01-08 15:30:00,47.68399923154178,2.556760600800101,233.81855547264325,58.75304781167934,0
2026-01-08 15:40:00,52.494015807862866,2.9475371776435395,234.78477088147315,58.37397917818903,1
2026-01-08 15:50:00,49.938710998132066,2.7613140140732133,234.10319326965052,58.12013913444644,1
2026-01-08 16:00:00,51.65229988410556,2.853160799888532,231.9555640445634,58.605287081642444,0
2026-01-08 16:10:00,48.739757596743196,2.6733528876603256,233.27697184813164,58.30988292531366,0
2026-01-08 16:20:00,49.10767387234954,2.7976238427920928,231.30324101864548,56.46541468020461,0
2026-01-08 16:30:00,48.62283442491991,2.656405812432461,233.5531729586785,58.082960408102736,0
2026-01-08 16:40:00,47.34774416258344,2.682878395316025,233.41787454055458,56.4072756822467,0
2026-01-08 16:50:00,51.55443288049403,2.8780301623052438,230.64376714862928,58.143897794926005,1
2026-01-08 17:00:00,48.466727457865815,2.701810839696229,231.50335128101548,57.30626514674769,0
2026-01-08 17:10:00,49.52483898229058,2.726651012094587,232.56721762804673,61.84176984370978,0
2026-01-08 17:20:00,50.82386232476282,2.771089047415428,232.55499080761592,57.978812910583,0
2026-01-08 17:30:00,48.74805009860043,2.733404831953134,231.47323275914437,55.9387483439102,0
2026-01-08 17:40:00,49.69180269118788,2.6980929437528016,233.39950517073768,57.85078606948082,0
2026-01-08 17:50:00,48.72038493535566,2.707611036672879,233.24216640690724,58.83853798638484,0
2026-01-08 18:00:00,52.07750186495428,2.8630907611451955,232.7144830672508,60.577483315484734,0
2026-01-08 18:10:00,48.10241968587925,2.658663039685859,232.04740361743677,57.19168957682573,0
2026-01-08 18:20:00,47.88921182628371,2.671870185467767,234.21908774961756,55.7111494052551,0
2026-01-08 18:30:00,49.64620990272935,2.732402016865633,234.95295092006324,59.31946158976116,0
2026-01-08 18:40:00,48.785675556275216,2.7294198013880657,232.39154828646878,56.033213295393935,1
2026-01-08 18:50:00,48.453806154713874,2.7286318195516897,232.24211710807432,57.46027305839559,0
2026-01-08 19:00:00,48.05679607106292,2.677526011248873,233.570596842691,57.73895890411044,0
2026-01-08 19:10:00,46.52545095847577,2.527814825496116,232.55547682578242,58.03231032112147,0
2026-01-08 19:20:00,50.03850667241644,2.7428296616293544,232.8213334602756,59.18236437527506,0
2026-01-08 19:30:00,44.9545704599655,2.5134225635743013,233.8792249384858,57.135508589014115,0
2026-01-08 19:40:00,47.59480011912777,2.6223940335292126,230.70297746890793,57.76319235693993,0
2026-01-08 19:50:00,46.881825963034636,2.530974853633456,234.57826334283615,58.16568954586702,0
2026-01-08 20:00:00,47.123959666807686,2.579403049681422,233.08514479543896,58.42528213815204,0
2026-01-08 20:10:00,48.16553240135786,2.604138489487193,232.50529558582323,58.36189599799906,0
2026-01-08 20:20:00,47.07368878609696,2.5969383151921965,232.89269696598794,58.88391241332342,1
2026-01-08 20:30:00,46.9786542295755,2.5984671446428464,232.95491505963233,59.51088853515442,0
2026-01-08 20:40:00,48.55355372735007,2.6873882436457306,230.9223114081573,58.84978144748107,1
2026-01-08 20:50:00,46.98307059980411,2.5882486242995855,234.79296327861965,58.95738347560456,0
2026-01-08 21:00:00,45.860351306154755,2.526207097753494,233.04744400429198,55.92031765210228,0
2026-01-08 21:10:00,47.54623173717633,2.61674205119657,233.52780323352502,58.38611179368961,0
2026-01-08 21:20:00,46.83745524499264,2.628752316501382,234.13593968283794,59.04761832873042,0
2026-01-08 21:30:00,44.440515258043916,2.429472210407382,231.76609647133563,59.43982272077691,0
2026-01-08 21:40:00,46.146879579709946,2.5696679234721382,233.5566017470609,57.32640404479291,0
2026-01-08 21:50:00,47.46102866345082,2.572276065459406,232.66374326998874,57.39535407414983,0
2026-01-08 22:00:00,43.19985438300528,2.4867970173135028,233.9970482336581,57.54220635875122,0
2026-01-08 22:10:00,47.239020327444024,2.61519424945738,230.423795360106,59.22788226713977,1
2026-01-08 22:20:00,45.42431226631656,2.487786805226794,232.85263499825706,59.994444715359535,0
2026-01-08 22:30:00,44.3930620267363,2.5046109957604603,232.24277896727043,57.853250321596015,0
2026-01-08 22:40:00,45.40634241233904,2.4756149308091606,233.47903143358482,59.84765485470632,0
2026-01-08 22:50:00,45.61208321408877,2.485727009416351,233.51805851294284,58.69265342484464,0
2026-01-08 23:00:00,44.534727186761295,2.391924891035068,232.0980824522441,58.34317662507121,0
2026-01-08 23:10:00,41.84789297559495,2.359697184725213,232.08539242770652,58.23514756155061,0
2026-01-08 23:20:00,47.487980893914404,2.5978660529001014,232.79951079195123,59.69520434254641,0
2026-01-08 23:30:00,43.587419986215174,2.3980850058309815,231.848188563592,59.087159877772585,0
2026-01-08 23:40:00,44.36391574038678,2.382200450373427,233.92593277913153,62.036477268029316,0
2026-01-08 23:50:00,43.206717176717596,2.2850459446266713,232.46344126314855,57.36878585846739,0
2026-01-09 00:00:00,43.45034919896048,2.402142597854315,229.40858746646185,59.449094356504176,1
2026-01-09 00:10:00,43.79389785286839,2.34349342971317,232.43721764147512,57.90339207145073,0
2026-01-09 00:20:00,45.83463944988281,2.5769231605923038,231.63033121566346,57.418945165449536,0
2026-01-09 00:30:00,43.976149459826495,2.5227104200195383,230.90818305301158,58.73268470901571,1
2026-01-09 00:40:00,44.544177492884856,2.3833793555532257,231.36948453459894,58.98154900023042,0
2026-01-09 00:50:00,45.94006012187507,2.6152772005161866,232.973923141921,63.17973792471321,0
2026-01-09 01:00:00,44.59967284594617,2.5104204901692286,234.42479428925557,58.55363592834433,0
2026-01-09 01:10:00,43.59863007042486,2.402836899041775,233.193596735438,57.16238062844788,0
2026-01-09 01:20:00,41.923282647902084,2.2259635767322985,232.07688110071516,59.295373101398035,1
2026-01-09 01:30:00,46.233155030740775,2.606433692527875,233.33824177420178,55.802516682187495,0
2026-01-09 01:40:00,43.067669524370814,2.3093854738387813,232.22628382859494,58.805569826872805,0
2026-01-09 01:50:00,41.44715751523172,2.28646413031485,231.92927328809162,58.996976832613626,0
2026-01-09 02:00:00,44.375065702258084,2.4975991800196917,231.36272837853784,60.19467609473359,1
2026-01-09 02:10:00,46.12505003397828,2.608824930812714,230.63050949792668,60.49344522471939,0
2026-01-09 02:20:00,46.47487282099385,2.5223922935864076,232.24910912431807,58.30829044798701,0
2026-01-09 02:30:00,44.23485964887199,2.4549242621445817,232.89057073778633,58.86875051240674,1
2026-01-09 02:40:00,45.061896876518674,2.4557090144929834,232.56842511240365,57.976907476030824,0
2026-01-09 02:50:00,44.53803474255797,2.4748757897898077,232.16826074152343,57.465799465230035,0
2026-01-09 03:00:00,44.04466842389858,2.4659480639346816,231.51515654174986,59.65492424947578,0
2026-01-09 03:10:00,43.71719760333749,2.426518223559468,233.36216393892917,57.312273529090234,0
2026-01-09 03:20:00,43.56982561524477,2.411306516404765,231.03351561269335,58.63365900437465,0
2026-01-09 03:30:00,43.92030647165965,2.397069302838457,233.52670437723233,57.79616035557506,0
2026-01-09 03:40:00,43.768864026691965,2.341025074936088,231.37380188485434,60.14713911982869,0
2026-01-09 03:50:00,43.487817565353886,2.3783131826589,231.6541288826953,62.058820269763885,0
2026-01-09 04:00:00,42.688707348584884,2.2649152782368738,230.77709826469,57.43871825658183,0
2026-01-09 04:10:00,42.693196772808435,2.392229141735267,231.91535080441082,56.646358503332664,0
2026-01-09 04:20:00,42.20609777408726,2.3209134679563865,233.66680793674712,59.27369930494492,0
2026-01-09 04:30:00,41.86383120391892,2.311778050164948,233.09419623603105,59.52007362628523,1
2026-01-09 04:40:00,43.81047505750681,2.414681135237627,233.6281718247977,59.86036353625033,0
2026-01-09 04:50:00,44.492570686596906,2.512034072485397,233.05887566324174,58.89908820668137,1
2026-01-09 05:00:00,44.7922771053392,2.4746832296103864,231.08576008899496,59.30414757495577,0
2026-01-09 05:10:00,41.23528271638199,2.2762813719152444,231.99069950594549,60.19324916918446,0
2026-01-09 05:20:00,42.47203510582359,2.323613914478642,231.428517247185,61.239842721366784,0
2026-01-09 05:30:00,44.7756678455169,2.4790674866801945,233.93818622561471,56.784168133542494,0
2026-01-09 05:40:00,41.00507440441481,2.3263868987957657,230.8817242496587,59.201205360228194,0
2026-01-09 05:50:00,44.66818963647549,2.3883533372938652,233.36631997467015,60.11352547528608,0
2026-01-09 06:00:00,43.73573096598823,2.4518237213857277,233.34108109905424,58.4543666091564,1
2026-01-09 06:10:00,41.06840633034658,2.3320044281944208,234.44037979404982,62.46692055970432,0
2026-01-09 06:20:00,43.639489443816714,2.419710662194132,231.72815998691405,58.95619961847173,0
2026-01-09 06:30:00,42.18498185521698,2.306522701796405,233.04917199892662,59.88683280104593,1
2026-01-09 06:40:00,42.82461688326143,2.3672541465079466,234.90662625238252,60.82256748983648,1
2026-01-09 06:50:00,44.4795396738457,2.443218778838002,231.40139383110053,59.141670818442385,1
2026-01-09 07:00:00,42.49454264756707,2.2926223319188628,230.27410057002567,57.29909922473446,0
2026-01-09 07:10:00,44.15628505136302,2.45787738633501,229.83339120606354,59.466630902539976,0
2026-01-09 07:20:00,43.84789383666395,2.423796899286499,232.91758559606836,61.69471645960109,0
2026-01-09 07:30:00,44.03809686815348,2.472445483292152,229.77515659139823,59.686440810391474,0
2026-01-09 07:40:00,45.07006567321374,2.4491864779306747,231.56044170243544,58.96364074254913,0
2026-01-09 07:50:00,43.92028299458792,2.543579127614959,232.50397449054535,61.66358587163504,0
2026-01-09 08:00:00,43.90035790792754,2.447786615409183,232.17307416466724,59.820973065963244,0
2026-01-09 08:10:00,43.35426019641318,2.406881861595864,232.43275739340905,59.59422032636265,0
2026-01-09 08:20:00,44.44858995217553,2.454627256311567,232.16003107574585,60.62623586981796,0
2026-01-09 08:30:00,43.73598565565633,2.4920585074572106,233.39868609550192,61.601027030897725,0
2026-01-09 08:40:00,42.67697758036539,2.456395237274276,230.69174007981027,64.06057750291401,0
2026-01-09 08:50:00,44.04719068803209,2.4597645342523387,230.99231154774105,61.772218052833146,0
2026-01-09 09:00:00,43.4714593210654,2.404526019780004,230.8474183751646,62.314727388515,0
2026-01-09 09:10:00,44.407148265761364,2.4119571585829274,232.74046660016637,59.85986418927144,0
2026-01-09 09:20:00,41.8195824678644,2.3572186872659415,232.79406891505403,59.12409549428665,0
2026-01-09 09:30:00,46.599938461037155,2.613963350236602,232.22414743016452,60.80071255144429,0
2026-01-09 09:40:00,44.634039668637996,2.3791886504911153,233.07169297038743,60.912517550216386,0
2026-01-09 09:50:00,43.30238749683063,2.4280943086718145,230.2064170088009,59.17876553745023,1
2026-01-09 10:00:00,42.701866085046554,2.431009743513634,233.58904733102275,60.57858517151007,0
2026-01-09 10:10:00,44.93473374787451,2.565156478094993,233.3843289098319,61.48571153131841,0
2026-01-09 10:20:00,44.154514303235224,2.475169327759387,232.4070099361039,61.47274470836651,0
2026-01-09 10:30:00,46.08977738986189,2.603907931782741,233.63000504248913,61.73421266583071,0
2026-01-09 10:40:00,43.508227830006064,2.455650940603606,229.47124821734806,61.460056471101616,0
2026-01-09 10:50:00,45.998693978564766,2.5374075321461964,230.79698002122706,60.30912251454694,0
2026-01-09 11:00:00,43.13555655412421,2.4539320045342445,230.51085249085273,60.34500372587636,0
2026-01-09 11:10:00,45.636951687470365,2.6981551610129575,232.22567300384264,59.363835144219706,0
2026-01-09 11:20:00,44.50896390090128,2.4374281983264297,230.06619761820704,63.8860161475935,0
2026-01-09 11:30:00,43.660752841984376,2.563221591728446,232.2016221332624,61.275799596498636,0
2026-01-09 11:40:00,45.504152720839656,2.5952425705849063,232.90333080469324,60.96528936277266,0
2026-01-09 11:50:00,47.703128433267736,2.5838510135323856,232.05879372248734,59.95649546287232,0
2026-01-09 12:00:00,45.0238819058095,2.5422304364943544,231.53072294778565,65.80045010739498,0
2026-01-09 12:10:00,44.38947262901947,2.5530713320752763,229.9702592175941,59.83441117676002,0
2026-01-09 12:20:00,45.39070063604366,2.573460058712572,230.10479099770484,60.84872686625747,0
2026-01-09 12:30:00,45.3040188755922,2.5647851486006514,232.58568461792268,62.163500337535766,0
2026-01-09 12:40:00,46.61202753800917,2.6603351847483623,231.98632080329747,62.48795688443799,0
2026-01-09 12:50:00,48.25511356851681,2.7668329493734576,230.96907440985356,63.07256910643945,0
2026-01-09 13:00:00,44.50363291298157,2.5522420210431247,230.47904348071353,64.39525380482489,0
2026-01-09 13:10:00,45.730812397234104,2.4941886408207425,228.5140493838361,62.49137916071601,0
2026-01-09 13:20:00,46.05123110242306,2.603720318894284,229.62433216781577,60.196524896604586,0
2026-01-09 13:30:00,49.05103004443559,2.8242453176740794,233.1672521285925,61.443703769775716,0
2026-01-09 13:40:00,44.95732475705408,2.5607331432668534,229.30106020232057,62.33953746401155,1
2026-01-09 13:50:00,48.746795223329876,2.7633849780062327,231.02890946211545,65.0289076354561,0
2026-01-09 14:00:00,47.809027607510174,2.7737673190731083,231.97426799560475,59.8787473657657,0
2026-01-09 14:10:00,46.14814853275834,2.602623992345772,229.22310999521588,63.82830980503265,0
2026-01-09 14:20:00,46.48659140094762,2.699850729290822,230.9142378281502,62.34340361998944,0
2026-01-09 14:30:00,47.56844734856103,2.7920831093044747,231.7815437499824,63.379457533010395,1
2026-01-09 14:40:00,46.9315386396021,2.6390157302791124,230.63440163210208,62.01898704780455,0
2026-01-09 14:50:00,46.419696657018555,2.6606463507319877,234.0247466730853,60.95768037155895,0
2026-01-09 15:00:00,45.882611810482544,2.63803436165366,228.54351341619383,63.397066546259865,0
2026-01-09 15:10:00,45.728451440553606,2.611070522470528,231.779390998049,63.3019049018803,0
2026-01-09 15:20:00,47.13401222360572,2.6480341816160786,230.2645593954445,63.82791276749288,0
2026-01-09 15:30:00,45.76896715396866,2.6098264962880613,231.36115664748507,62.399502340219755,0
2026-01-09 15:40:00,47.451840843525126,2.7182706295803185,230.92728408026852,61.56941628629924,0
2026-01-09 15:50:00,46.89096344931467,2.661782109418513,229.4807289560083,60.18071194136004,0
2026-01-09 16:00:00,46.620942026573914,2.7499495036213393,230.59805662784956,63.79774355907739,1
2026-01-09 16:10:00,45.335088923167,2.6146691421876946,228.05647327071156,63.25435223478163,0
2026-01-09 16:20:00,48.53227172483765,2.7735297185380476,230.97250138867747,61.21971656394806,0
2026-01-09 16:30:00,48.38496114187766,2.8216812985406596,230.56900507885285,61.910435666099744,1
2026-01-09 16:40:00,47.048600641969884,2.6034578116646343,230.9401846518069,62.068091791065854,0
2026-01-09 16:50:00,49.381604914996814,2.8008536869574288,231.4060848145941,60.59371037077368,1
2026-01-09 17:00:00,50.15122952641673,2.877126807014605,230.54001570450654,61.64163861474051,0
2026-01-09 17:10:00,48.70593160696053,2.6901345667723655,230.23909282324553,61.21740504900876,0
2026-01-09 17:20:00,50.26550151181913,2.9287094373517037,228.96660754736428,62.34942862582983,0
2026-01-09 17:30:00,49.69962454310068,2.836425003764485,229.13172493415536,61.910100640869935,0
2026-01-09 17:40:00,47.882874019283435,2.754501209810548,231.3729738204816,60.62763743709297,0
2026-01-09 17:50:00,50.757922660322016,2.814434946596676,231.6350051743284,66.15202127985108,0
2026-01-09 18:00:00,51.14575018842727,2.8715493820119278,229.588194418269,65.04692633264953,0
2026-01-09 18:10:00,49.42923578054826,2.8409396635909143,229.8916741915685,62.049548594551005,0
2026-01-09 18:20:00,50.26279855880829,2.8859217717132353,228.71350314898314,63.67665050494575,0
2026-01-09 18:30:00,49.66991476814621,2.777112336964798,231.16894951693646,63.94412992621399,0
2026-01-09 18:40:00,49.78931085632979,2.8722397166147635,230.52277963774708,65.15444316219475,1
2026-01-09 18:50:00,48.040542607358546,2.7534948416624654,232.01642160054996,62.18975214746542,0
2026-01-09 19:00:00,50.4900945612231,2.8655684313172705,228.59570312341165,65.1056234052295,0
2026-01-09 19:10:00,49.30003432711924,2.8099986341046694,229.15886621153663,62.69536206881237,0
2026-01-09 19:20:00,49.66268703976064,2.831280655810657,229.85305622160533,61.563131493165294,1
2026-01-09 19:30:00,50.97115876024008,2.9967862630117974,230.31402033927358,64.7027783206479,1
2026-01-09 19:40:00,50.34152029875628,2.992940218201329,229.2424156585443,65.60229784328335,0
2026-01-09 19:50:00,51.3739297116216,2.9620608050302204,228.41672537851238,67.59754377735374,1
2026-01-09 20:00:00,50.336181828985204,2.833593750596598,230.48511329058573,61.965540961945074,0
2026-01-09 20:10:00,50.416786441217575,2.9032667223118986,230.25602172354783,64.8628804174759,1
2026-01-09 20:20:00,53.17571242221608,3.0331764107579495,228.25446060867884,63.24908960502852,0
2026-01-09 20:30:00,50.775696369152726,2.95496069470006,230.94395206936582,65.08803373894172,0
2026-01-09 20:40:00,52.74707832090008,3.136607004234964,230.68519698938476,61.75637424993916,0
2026-01-09 20:50:00,51.71539566615977,2.98990294537324,229.40576451412127,62.11697060681262,0
2026-01-09 21:00:00,51.63706937480828,2.981114951831338,229.3038943597013,62.89622861750073,0
2026-01-09 21:10:00,51.87793487399242,2.948268911467359,229.8371381471102,64.22729649944073,0
2026-01-09 21:20:00,51.34612959714907,2.990859510092738,228.1022463656973,63.19592722570016,1
2026-01-09 21:30:00,52.69585734967825,2.975084591813541,229.13648400615784,65.19471358199898,0
2026-01-09 21:40:00,54.06476760247782,3.0509619034984734,226.48188271223233,65.79493632193537,0
2026-01-09 21:50:00,53.02213338886818,3.0778027026534174,230.08093260697805,65.20229757644222,0
2026-01-09 22:00:00,52.37364466318389,2.9452601644922733,227.1199885197941,66.77931930205048,0
2026-01-09 22:10:00,50.35746101176565,2.908430236117967,230.76263595495632,65.02294925206888,0
2026-01-09 22:20:00,51.485743674626704,2.8747360249407237,228.52730254943,62.62179578793753,0
2026-01-09 22:30:00,53.83668197054417,3.0688866933015335,228.63452899448933,66.5399924564378,0
2026-01-09 22:40:00,52.28034037655067,2.9465016951025627,228.10050506114655,63.634830673880955,0
2026-01-09 22:50:00,50.77588569523899,2.868969507329015,228.47357456902753,65.95567586276071,0
2026-01-09 23:00:00,51.27610505946413,3.0786202972104926,230.4870787954802,66.99797352052113,1
2026-01-09 23:10:00,55.03166549707244,3.2532082140223118,225.76528062312215,65.36956455838508,0
2026-01-09 23:20:00,52.75920091677315,3.05941531956665,230.2490145121695,62.48728621729306,1
2026-01-09 23:30:00,53.43790478142339,3.1330090373764303,229.08848978396657,63.40102493102514,0
2026-01-09 23:40:00,53.59536987715888,3.0783985386700765,227.20084698719094,66.80910079203119,0
2026-01-09 23:50:00,53.15545963305345,3.0697546950456056,227.32552049928685,64.61775847726456,1
2026-01-10 00:00:00,53.96005457773432,3.156894600609786,230.59440567345445,65.0370740794763,0
2026-01-10 00:10:00,52.745288660301895,3.0657357894909483,227.4151858996547,66.10202990286311,0
2026-01-10 00:20:00,53.62989883332456,3.1158228299585753,227.13306024936495,66.05416069560144,0
2026-01-10 00:30:00,55.07566123685153,3.1255231924830555,229.8493767225102,65.4735582789569,0
2026-01-10 00:40:00,44.98415566739881,2.251576143900397,228.85861791108874,56.78783262730251,0
2026-01-10 00:50:00,46.785305777603774,2.3895007750740773,227.29484077204216,56.677099057521446,0
2026-01-10 01:00:00,45.80958575053218,2.301130562675103,228.64854525558155,58.478001897659574,0
2026-01-10 01:10:00,45.9114874299186,2.259531639815246,227.12618766464612,58.06634077638681,0
2026-01-10 01:20:00,47.335210099620895,2.367647957189707,229.64682886424677,56.89464570213633,0
2026-01-10 01:30:00,43.60665140968216,2.2574557617519497,229.56850222870872,58.94814533816082,0
2026-01-10 01:40:00,47.44083795453345,2.336061994586853,228.90254481928218,57.17557436583512,0
2026-01-10 01:50:00,47.79205677884424,2.3374187654177847,228.6676821890298,56.13554403630731,0
2026-01-10 02:00:00,47.19788197881342,2.4292254587623696,230.31694218272514,56.318251707014056,0
2026-01-10 02:10:00,46.75931038192153,2.38439826351202,228.17324824000352,56.032021289736306,0
2026-01-10 02:20:00,46.737090085959274,2.3483502752247443,226.72576927831918,57.13469229695634,0
2026-01-10 02:30:00,47.422631588674534,2.4195636266016445,228.65407049928515,59.436814188414296,0
2026-01-10 02:40:00,48.7469862949689,2.4690071651210403,230.5889364124007,56.42124682779047,0
2026-01-10 02:50:00,46.51577577422887,2.4059205127878363,226.83924581881556,57.95400218252042,0
2026-01-10 03:00:00,46.655764450909324,2.365484511489089,227.59478274477098,56.72838633758114,1
2026-01-10 03:10:00,47.330277691162316,2.2629241592767952,228.50016220160714,57.36481726936968,0
2026-01-10 03:20:00,45.92203985029719,2.285729577263704,227.90794245738013,55.53180396276645,0
2026-01-10 03:30:00,48.25203741354136,2.3494399358839453,226.76638207274306,57.50736370222967,0
2026-01-10 03:40:00,47.416835879944806,2.3278666398019734,229.2642149563804,57.588634426737705,0
2026-01-10 03:50:00,46.38403362227198,2.364288969453523,230.67519886555786,58.730357946129054,0
2026-01-10 04:00:00,48.404094231985106,2.3862460317888474,228.1000017237213,58.29528894341917,0
2026-01-10 04:10:00,48.404247382915685,2.426404141724672,226.7535896439998,56.20292489527827,0
2026-01-10 04:20:00,47.66287660025071,2.3805498963422242,225.95388431482533,59.66665590913403,0
2026-01-10 04:30:00,48.7572910443322,2.42711653653356,228.09671524658864,58.39535453044339,0
2026-01-10 04:40:00,48.58042136248765,2.395205691266658,229.08664975957362,58.41672368548788,0
2026-01-10 04:50:00,46.8507400705115,2.233705731933257,228.30740080528315,58.144281408513486,0
2026-01-10 05:00:00,48.23855129881056,2.31813485289606,227.70987102025364,57.420024493765254,0
2026-01-10 05:10:00,48.524625225262774,2.3831359996737493,226.98154314435624,58.56165023682648,0
2026-01-10 05:20:00,46.31276112004078,2.299110884494559,226.3543474051354,58.98629195172413,0
2026-01-10 05:30:00,48.73917486951299,2.44494587280476,228.64328484166683,55.69020104323842,0
2026-01-10 05:40:00,52.0802445090063,2.520317976138631,228.71511717923852,57.53970755496387,0
2026-01-10 05:50:00,50.281538347054976,2.4961060549738727,225.74109556332058,58.002397804012645,0
2026-01-10 06:00:00,50.10975889503221,2.3821174377225516,229.48153377953216,58.805705137789175,1
2026-01-10 06:10:00,51.113818525954585,2.518879047079387,228.24074726937317,60.247704565696445,0
2026-01-10 06:20:00,49.06561869582866,2.4117825983877386,229.20989269367269,57.33606989154434,0
2026-01-10 06:30:00,48.68669222793376,2.373030619453365,225.89872900975107,57.78233203464656,0
2026-01-10 06:40:00,48.22845590066098,2.3508735857251435,225.8495856794422,57.79571440579787,0
2026-01-10 06:50:00,47.3776501097153,2.3755365525679952,227.2894962573265,57.3971085049185,0
2026-01-10 07:00:00,48.56395293252278,2.368308422361096,228.0516810837414,58.113144528725016,0
2026-01-10 07:10:00,49.9724496569595,2.412464566289408,229.58445179311877,59.82428859329458,0
2026-01-10 07:20:00,48.73110627585136,2.410986360448613,228.25699427815445,57.12112620671573,0
2026-01-10 07:30:00,49.32123186682459,2.3975340461738335,227.0997675545421,59.37702504408112,0
2026-01-10 07:40:00,50.07666001081291,2.431236429889515,226.14103519592993,56.21550058068141,0
2026-01-10 07:50:00,49.59637903594501,2.490365582774118,228.83078260448332,57.95902057315045,0
2026-01-10 08:00:00,49.71274573172396,2.469752675823719,226.1796523883546,58.33908716000235,0
2026-01-10 08:10:00,47.00389621047741,2.273513461622069,229.27439418864714,61.3775208332994,0
2026-01-10 08:20:00,46.1374052413222,2.186351645526581,226.96232207536747,58.48455156048687,0
2026-01-10 08:30:00,49.18095636217283,2.4636147055128297,229.1960551835797,55.62602382887263,0
2026-01-10 08:40:00,47.261361820863435,2.277567050575212,228.08627113104976,55.960296914559585,0
2026-01-10 08:50:00,49.998170005309,2.366829586352038,227.09178219638966,59.040020030445284,0
2026-01-10 09:00:00,47.47053218765785,2.288941329277052,226.6179530550665,59.93957841644297,0
2026-01-10 09:10:00,47.60554881924824,2.235978474165807,226.8176222183825,59.61165051216765,0
2026-01-10 09:20:00,49.424887508403614,2.4208884155437547,227.7266079926472,59.32896163409805,0
2026-01-10 09:30:00,50.819162683302714,2.43558727470205,227.29156756906733,60.84972786407532,0
2026-01-10 09:40:00,49.63552592726846,2.3258675574634133,226.4731955494445,58.32527299870653,0
2026-01-10 09:50:00,47.39253002235937,2.161689743397641,226.97424073009753,60.50493356331044,0
2026-01-10 10:00:00,48.96683188245699,2.322110723825588,227.25496175473836,56.74203704788441,0
2026-01-10 10:10:00,49.491112232900775,2.3938454338000734,224.5943029420166,57.85971026972493,0
2026-01-10 10:20:00,47.020391662945315,2.2407340259359594,227.68714562602162,56.53322086075465,0
2026-01-10 10:30:00,50.806648193255405,2.3701179690968956,225.9506857357692,58.8577415614092,1
2026-01-10 10:40:00,48.71734351796285,2.3504844367264504,225.73180864051446,59.226417248382965,0
2026-01-10 10:50:00,50.27612083742332,2.3941719147736333,225.08090127596685,59.492331297163254,0
2026-01-10 11:00:00,50.101566256103865,2.3533752676236652,224.94340268941878,59.43894195839027,0
2026-01-10 11:10:00,47.90985557252341,2.2618060472737915,225.46034961006444,57.9792901950069,0
2026-01-10 11:20:00,51.09365348092862,2.4310841509748684,226.2273295596214,59.10932512839265,0
2026-01-10 11:30:00,49.5847614877997,2.3182487943959935,229.41379030117093,57.172143130914556,0
2026-01-10 11:40:00,50.36706837875338,2.3241871584220606,226.43100617781832,61.486341507700786,0
2026-01-10 11:50:00,47.93898751528195,2.247019901944632,227.26800341603598,59.00879970073138,0
2026-01-10 12:00:00,47.81564422095664,2.2813999074163593,227.52838264856265,58.753203976428004,0
2026-01-10 12:10:00,47.913967115712005,2.2411326784604926,227.19864617891974,61.891789342998074,0
2026-01-10 12:20:00,49.07141526325814,2.2930108562603384,226.94246105353284,57.66640391121847,0
2026-01-10 12:30:00,50.74738312835302,2.4385901304119773,225.59552915480825,57.86233492810836,0
2026-01-10 12:40:00,47.44125156058501,2.1865876141536518,228.76594726873188,57.9268719316998,0
2026-01-10 12:50:00,46.11667522386072,2.1618225154145003,229.1888875864334,59.48942504986718,0
2026-01-10 13:00:00,50.7104230159204,2.403052416008423,224.99694416401485,60.258250150900324,0
2026-01-10 13:10:00,50.11328100691481,2.2629501184898895,225.78364949369114,60.73942541621989,0
2026-01-10 13:20:00,48.5793070175176,2.220395541746516,226.67352739102282,63.506551710521634,0
2026-01-10 13:30:00,50.28263752914206,2.351229519116166,225.84913773792482,56.29259172121445,0
2026-01-10 13:40:00,48.636813198545596,2.2135964729468327,227.61149276120773,60.597558784287315,0
2026-01-10 13:50:00,50.80624053229968,2.402030250418284,226.12862652611906,58.86600609819108,0
2026-01-10 14:00:00,50.0344710319788,2.3039849238736982,229.59930786729026,58.83885562388736,0
2026-01-10 14:10:00,48.494355498417995,2.204419425335229,228.42905486610752,58.80512470110814,0
2026-01-10 14:20:00,50.49098357318179,2.409641101179247,227.25511003856263,58.387459459201715,0
2026-01-10 14:30:00,47.45140112526271,2.1821085369919246,228.23249810728024,62.292757231805865,0
2026-01-10 14:40:00,49.07785853602892,2.283350424088957,228.32775721600976,61.044295391882194,0
2026-01-10 14:50:00,48.99502604150306,2.2412536741254185,226.32497047475795,59.83004470970194,0
2026-01-10 15:00:00,49.46277798241671,2.3146901229998447,226.02374599773367,61.835696190022766,0
2026-01-10 15:10:00,50.09849337564249,2.3286280502204977,227.09894584036132,57.55382001952184,0
2026-01-10 15:20:00,48.66109480227166,2.199342340896285,228.0415729232528,57.83951441932373,0
2026-01-10 15:30:00,48.12501770361813,2.1295047236521407,227.17738501621295,56.58109561369606,0
2026-01-10 15:40:00,49.545286669468766,2.2194961602928065,225.12148682450712,58.81091569678995,1
2026-01-10 15:50:00,47.54904445339676,2.1213283179357534,226.0543299104708,60.11408959231812,0
2026-01-10 16:00:00,49.10037837922729,2.329393470097866,226.93325442227484,60.03684681432499,0
2026-01-10 16:10:00,47.90906074893596,2.1719549328103214,226.9359910517993,60.117100707355846,0
2026-01-10 16:20:00,47.63498015847453,2.124451587551236,229.39907286558866,57.78654218279992,0
2026-01-10 16:30:00,46.781112244249215,2.1610354725822414,225.37453293949724,61.11740882329608,0
2026-01-10 16:40:00,47.50045172519595,2.031016178938391,227.65058462797649,60.2811760031325,0
2026-01-10 16:50:00,46.92010347268857,2.0535268803452533,228.8374342232853,61.0298819950008,0
2026-01-10 17:00:00,49.10291563164475,2.2197063367356846,229.78331999692628,57.09923012749582,0
2026-01-10 17:10:00,47.93805901391491,2.0634894348157578,226.57984495081718,60.413188669932595,0
2026-01-10 17:20:00,46.09479988702407,2.0246094367085923,227.66283732685974,58.17138891859806,0
2026-01-10 17:30:00,48.38499676074084,2.143572530233691,227.76529185592685,59.36364099683543,0
2026-01-10 17:40:00,48.455352718231026,2.1877343823307487,227.3250709461223,60.7672663623506,0
2026-01-10 17:50:00,47.88030519089046,2.1425949047554895,226.98124667231107,60.10795599475009,0
2026-01-10 18:00:00,47.65865363868325,2.1569290143897306,227.6328525675701,58.69910505925166,0
2026-01-10 18:10:00,47.60545015076041,2.0088372550128,224.0812595905697,59.99042656939579,0
2026-01-10 18:20:00,45.46042321348475,1.9477439199123292,227.9491610747603,57.687817570919535,0
2026-01-10 18:30:00,48.94040364604926,2.173678781871974,227.2932622907052,61.714126838398165,0
2026-01-10 18:40:00,45.3076692123192,2.019819590950421,226.8864966301117,59.68390604765486,0
2026-01-10 18:50:00,47.434785147939444,2.0176109721008673,229.62176360611105,61.672264146582904,1
2026-01-10 19:00:00,48.780085698649415,2.1359617095816694,226.36811349403237,59.20674941309552,0
2026-01-10 19:10:00,47.28880344173555,2.0662212617270543,226.7072894014332,59.21279102413879,0
2026-01-10 19:20:00,46.882863117258516,2.050201876628032,229.59422972625532,58.852983078465414,0
2026-01-10 19:30:00,48.87926539405432,2.1789335441812208,226.2197141852499,61.314132485475504,0
2026-01-10 19:40:00,47.42140867955118,1.946252106620163,226.5723060515103,58.93583319846464,0
2026-01-10 19:50:00,46.00907657845791,2.0639618903022754,227.07070294781488,60.96648143577478,0
2026-01-10 20:00:00,46.86980053282678,1.9863009510438532,228.2711340291819,59.425018088680325,0
2026-01-10 20:10:00,45.8018848902737,1.9952398081535714,227.52716262159836,57.033360267876134,0
2026-01-10 20:20:00,47.54959824692037,2.088052923429637,225.74262149661186,59.139942922205805,0
2026-01-10 20:30:00,46.32382087249449,1.9984390226558804,226.6715647804949,58.224360971273605,0
2026-01-10 20:40:00,46.13995631707401,1.992929435885399,226.5981571603708,60.040987349105315,0
2026-01-10 20:50:00,46.85813048957997,2.0277399769866564,227.25155030348495,58.20113262166608,0
2026-01-10 21:00:00,44.60407966430707,1.9048400355487551,227.8728759865515,61.371819167578835,0
2026-01-10 21:10:00,45.57535198283662,1.8590227290543093,227.88177074515013,59.841856735807184,0
2026-01-10 21:20:00,43.313607310847274,1.8347275506634872,225.26717935668518,59.707192701124505,0
2026-01-10 21:30:00,43.97439675581474,1.7531892167752012,228.69399876580366,60.95204371234519,0
2026-01-10 21:40:00,47.14120558297899,2.067215571769701,227.73963186148737,61.4081879027684,0
2026-01-10 21:50:00,43.428507721923516,1.8067225006683216,229.11766790292987,59.92580514137602,0
2026-01-10 22:00:00,45.14780561906413,1.8695810555225465,228.00934509706553,58.79228299588549,0
2026-01-10 22:10:00,43.774168693120565,1.8574835428605871,228.8183666339797,57.28076429299987,0
2026-01-10 22:20:00,45.36388535043821,1.8966165510710489,228.07749656199223,58.9047851858203,0
2026-01-10 22:30:00,44.73927120798149,1.9297295893316637,229.1543640626084,58.999689173735526,0
2026-01-10 22:40:00,46.012362841257264,1.9258092984275328,228.18722942823686,60.077248898880526,0
2026-01-10 22:50:00,43.56792856695459,1.8028832408287057,227.4650470415675,59.38960591119491,0
2026-01-10 23:00:00,44.210026391048345,1.8287779015861623,230.3318613964914,60.9293984759551,0
2026-01-10 23:10:00,45.074773117834454,1.8574353763428477,228.69455289664134,58.96770715012738,0
2026-01-10 23:20:00,43.72996408087244,1.8076810980294364,228.339340938805,59.79081463177639,0
2026-01-10 23:30:00,45.92393731030504,1.9489804091718552,226.14278866772585,61.64106423829895,0
2026-01-10 23:40:00,43.74534170966636,1.8525589746874833,226.1522545380488,60.36604108163076,0
2026-01-10 23:50:00,45.393298029200594,1.8650341020256007,228.0737116168757,59.75098180907849,0
2026-01-11 00:00:00,46.030846921924926,1.8523147810851632,227.92166369700686,58.92537221984362,0
2026-01-11 00:10:00,47.15331930130096,1.8862828722527407,227.03502842374277,58.86520972394426,0
2026-01-11 00:20:00,44.22342608013117,1.800090407658997,227.96644010765,58.52542337418977,0
2026-01-11 00:30:00,43.20662806257102,1.6751516001033209,229.72924272163849,58.97563925922006,0
2026-01-11 00:40:00,42.951582945717746,1.8042511028467267,228.6833430862616,60.90597590932108,0
2026-01-11 00:50:00,44.15590257032453,1.7136365125069346,226.50595572514328,59.42449509383834,0
2026-01-11 01:00:00,43.680677020344945,1.717018425625103,227.76799316531978,57.717042517491365,0
2026-01-11 01:10:00,43.785003183261026,1.7998758515070419,226.96280964080705,62.37785651567862,0
2026-01-11 01:20:00,45.53227618265117,1.8457871555771406,227.49081880364324,60.1889782610128,0
2026-01-11 01:30:00,43.23706094804758,1.7422853226762436,227.4873285517505,57.581572372608164,0
2026-01-11 01:40:00,43.28856787256421,1.7592530873227301,227.4384163464281,59.01170188676218,0
2026-01-11 01:50:00,45.198187081582454,1.864792669545227,226.53366297908542,59.82282521247916,0
2026-01-11 02:00:00,42.63744088689135,1.7420533061850865,227.91518046082155,62.194938493112296,0
2026-01-11 02:10:00,46.28350868526418,1.925216157895252,227.4244793814868,57.956972579537336,0
2026-01-11 02:20:00,42.795321652414714,1.7567239009704627,224.61100989205454,61.06383134944154,0
2026-01-11 02:30:00,40.48793430441479,1.5651391320480235,230.61934727807605,61.67916894115422,0
2026-01-11 02:40:00,42.922248984181245,1.7609021019483442,229.49202511784117,58.61666888325845,0
2026-01-11 02:50:00,43.656773194004494,1.725881804629709,227.76394485867218,59.12263499152017,0
2026-01-11 03:00:00,43.48991498970766,1.7934455560298526,228.2683716076713,57.96324274093051,0
2026-01-11 03:10:00,42.311360877741954,1.7391199354049536,226.87036064254107,59.1908643256549,0
2026-01-11 03:20:00,41.977971093869996,1.6693149298174526,230.34203974148747,59.41907089918812,0
2026-01-11 03:30:00,41.26424919686389,1.5777013700409974,230.6150096515204,60.44088328939546,0
2026-01-11 03:40:00,41.36280827552835,1.6543069263530064,228.55764626435814,61.06369079325221,0
2026-01-11 03:50:00,40.696652986864066,1.5985022926898869,229.62945588068263,58.28283594637037,0
2026-01-11 04:00:00,43.17016976678235,1.6157505731153636,228.64341836584052,56.430116409211635,0
2026-01-11 04:10:00,42.14352214092628,1.7050623600428205,226.86110365689177,59.32492269213439,0
2026-01-11 04:20:00,43.49028593638472,1.787488891631381,228.00332590662083,59.772346336144395,0
2026-01-11 04:30:00,42.168681349533045,1.681529134036039,228.68840203572645,59.68098355246757,0
2026-01-11 04:40:00,40.53857441924803,1.5504836602224583,228.01743541001608,58.79123344731196,0
2026-01-11 04:50:00,42.77921934903106,1.6780629457380034,228.33353748159038,59.44232964494278,0
2026-01-11 05:00:00,43.66700950791914,1.734708675647578,228.51949007192812,61.50190136824304,0
2026-01-11 05:10:00,40.99328928868816,1.5868233527296614,228.56557765939738,59.77444519953459,0
2026-01-11 05:20:00,40.73820510797699,1.6216581928481133,228.7590133223813,58.614480918069276,0
2026-01-11 05:30:00,42.57941470341435,1.630475246139004,227.45745203103976,58.39650898953619,1
2026-01-11 05:40:00,40.79505612890954,1.5635772248739876,227.9038321157803,58.86388466115401,0
2026-01-11 05:50:00,43.392264283528576,1.6754498713703272,227.2570168431018,61.54521876001944,0
2026-01-11 06:00:00,39.815381698212626,1.6112804915230152,230.0063508178972,58.78619436511372,0
2026-01-11 06:10:00,41.98898541087007,1.6520394580818065,226.3408323701233,59.00208441359285,0
2026-01-11 06:20:00,41.88788897110178,1.5451506116707479,230.2867305882067,58.278532900707106,0
2026-01-11 06:30:00,40.67838895502385,1.5789799800824247,230.60102642313842,60.62030542302144,0
2026-01-11 06:40:00,41.83143916049201,1.6697482151433476,228.60994144021203,61.881016218993594,0
2026-01-11 06:50:00,41.09630471878011,1.5802673285021782,225.88410517306613,59.58621573829244,0
2026-01-11 07:00:00,42.46708054001577,1.74654332012964,228.60976355631013,59.00310032073443,0
2026-01-11 07:10:00,40.55266934860048,1.5748641888369879,229.00193126610392,58.90237212486451,0
2026-01-11 07:20:00,41.08986096025865,1.6234159941258919,227.90199433655104,55.23860988538989,0
2026-01-11 07:30:00,41.52404904582269,1.678812433248033,228.53234839312856,59.90028705463344,0
2026-01-11 07:40:00,40.52531756220296,1.4896581713521149,231.0228756849539,58.95092281891398,0
2026-01-11 07:50:00,39.61940196425281,1.4613437320533085,230.02071210731862,59.35892374343054,0
2026-01-11 08:00:00,39.65960100118888,1.4793960501925545,228.1496020775364,57.61558321086337,0
2026-01-11 08:10:00,42.69014212273888,1.7018548172426367,227.37835528090574,58.07208874349155,0
2026-01-11 08:20:00,40.16201144941524,1.5562586263498244,228.9395588536284,57.997869342805124,0
2026-01-11 08:30:00,42.75707669820564,1.804782241688398,229.11244122670243,60.11211247160937,0
2026-01-11 08:40:00,39.84746613065792,1.5548654559049522,230.00073677054934,57.976451523718616,0
2026-01-11 08:50:00,40.958767437539876,1.6148083255772006,228.79971899543995,61.63314058873735,0
2026-01-11 09:00:00,41.49023974264893,1.7236119520295607,230.09278701665144,59.119651648958325,0
2026-01-11 09:10:00,42.299390257597274,1.761089418787204,231.83814225712456,56.523694612397705,0
2026-01-11 09:20:00,42.31550136644586,1.7660408596553996,230.5316041494905,58.20791602547299,0
2026-01-11 09:30:00,43.32053527724066,1.6984680042142217,229.53241206964955,57.38639957436334,0
2026-01-11 09:40:00,39.691881522706204,1.6845611152823834,229.4075171122567,55.03517895669245,0
2026-01-11 09:50:00,41.072247718604146,1.6510346168608554,229.23652754955862,60.688466802923834,0
2026-01-11 10:00:00,42.56464022674853,1.667056236456186,231.11859445424602,59.30615301411559,1
2026-01-11 10:10:00,40.147423473422286,1.56200546228509,228.98638586207187,59.01310384445643,0
2026-01-11 10:20:00,40.316606177602,1.5421149327663435,229.83080664133067,58.422930698269866,0
2026-01-11 10:30:00,40.62631003256149,1.6089283771263123,229.87538918137085,56.0630137151194,0
2026-01-11 10:40:00,39.91571843053573,1.5973673696521473,229.24925204599106,57.371515617769205,0
2026-01-11 10:50:00,38.52991768462545,1.576663303200296,228.24189901768466,59.320204056670725,0
2026-01-11 11:00:00,41.33640658872387,1.6707267768555152,230.31390904302958,56.44098866647179,0
2026-01-11 11:10:00,40.88948877787671,1.693688420211641,229.8906283452863,54.180148774063895,0
2026-01-11 11:20:00,40.03278482832742,1.6267378661918808,230.60162079866382,57.596829996269946,0
2026-01-11 11:30:00,41.57167558839231,1.74042116233831,229.398510783281,57.68424518994835,0
2026-01-11 11:40:00,40.62386385251178,1.5335881747492073,231.54130955796342,58.059329472922,0
2026-01-11 11:50:00,41.993451063444844,1.6122851208410005,229.06167638484365,58.907579544827186,0
2026-01-11 12:00:00,39.95891457100403,1.5734355495247154,232.2057164042419,58.72974605134533,0
2026-01-11 12:10:00,38.378385586940034,1.4846095459397382,228.09154375742193,58.119750462885335,0
2026-01-11 12:20:00,39.59427695901276,1.6306155826998523,230.74784166730572,59.482878101871286,0
2026-01-11 12:30:00,40.71244461562734,1.6309329023063954,230.83400909907766,55.368842657382345,0
2026-01-11 12:40:00,43.20744074770905,1.765335073974061,229.3461573185922,58.361621631652724,1
2026-01-11 12:50:00,40.94559377456269,1.6984527124357502,230.84738504221082,58.50174756355599,1
2026-01-11 13:00:00,37.87279117915933,1.569922315077207,231.91076840778453,55.659531506177245,0
2026-01-11 13:10:00,42.779913249738414,1.8041934021362032,227.75233843709267,55.221252053626564,0
2026-01-11 13:20:00,42.40403966287235,1.757695077290297,231.05292539797784,56.313080254555594,0
2026-01-11 13:30:00,40.00337180398633,1.7108625732587923,227.49474697523684,56.39587356079713,1
2026-01-11 13:40:00,40.47479900398011,1.6505926820275472,229.36483848454557,58.47426838354247,0
2026-01-11 13:50:00,39.97895588447472,1.5965054349707897,232.51551835869654,56.378050064505565,0
2026-01-11 14:00:00,40.19256658865643,1.6481638872100872,229.89917517287714,55.97082453046632,0
2026-01-11 14:10:00,41.11103249531046,1.7698489937934208,229.22535921875226,56.29316023784086,0
2026-01-11 14:20:00,43.159443495006236,1.8384515797415268,230.43309240077545,58.84360181986648,0
2026-01-11 14:30:00,41.85932641803228,1.81620465054395,233.18860299821998,57.140044292425884,0
2026-01-11 14:40:00,39.1737136186423,1.6588206053907,228.54548392730163,56.80621655889436,0
2026-01-11 14:50:00,38.19698622304463,1.6136633798706894,229.5182017907345,56.86449120736697,0
2026-01-11 15:00:00,41.74944225998204,1.719926592620259,232.61284092721834,58.92179336714284,0
2026-01-11 15:10:00,39.492022099979735,1.5727199957941997,233.0811874560548,55.81395031734923,0
2026-01-11 15:20:00,41.1576426002681,1.7457023324771797,230.76371579645064,58.86478161608931,0
2026-01-11 15:30:00,40.36497063669114,1.7138065354402376,229.436719922215,57.160885750144764,0
2026-01-11 15:40:00,40.02746996554436,1.694207399641047,233.47420095907538,56.55794983829028,0
2026-01-11 15:50:00,38.59277762247349,1.6098970521475402,232.90797534736905,60.5031874112532,0
2026-01-11 16:00:00,41.10051149503278,1.7846492909735179,231.84468117177437,55.12146000054578,0
2026-01-11 16:10:00,38.947987920841804,1.7071357722619276,230.090201350147,56.12730267628231,0
2026-01-11 16:20:00,39.34022482704575,1.6624491454926273,231.04122192504394,54.7619307555259,0
2026-01-11 16:30:00,38.03986821433386,1.532649747951824,230.94242612028438,57.99185581229597,0
2026-01-11 16:40:00,41.45284154595545,1.7667127898176564,231.56650354727782,59.04937518420603,0
2026-01-11 16:50:00,42.76431104644198,1.9172697984886438,232.94512474251735,58.97275332515687,0
2026-01-11 17:00:00,43.281803057658735,1.9150558975905179,232.29347639062325,58.25592286639825,0
2026-01-11 17:10:00,41.67684871980518,1.7523400846026804,229.97938411090354,56.07555761982428,0
2026-01-11 17:20:00,41.37562541336659,1.7475678790749567,232.95789182114214,55.77597824243362,0
2026-01-11 17:30:00,42.03519424444482,1.8401655425032906,231.7155112521125,53.768804054209774,0
2026-01-11 17:40:00,40.34944833960608,1.7297904569236922,232.19767890847427,59.2809604651977,0
2026-01-11 17:50:00,40.94751492957062,1.8408784670311396,233.16628169422577,56.882086015128245,0
2026-01-11 18:00:00,42.64344219387732,1.8851686638136667,230.10554932108084,55.39203441517424,0
2026-01-11 18:10:00,43.79034186766814,1.9292544707061228,231.42924297300536,58.07329298449623,0
2026-01-11 18:20:00,41.62750219835966,1.8303726157523779,230.8670462192628,54.573190634548986,0
2026-01-11 18:30:00,42.679111818357725,1.8294408148004255,229.65568326325734,56.59329698681552,0
2026-01-11 18:40:00,39.671016676348984,1.782907584875098,231.985249268599,55.67534842426369,0
2026-01-11 18:50:00,40.03009823821411,1.7944659800587233,234.6149026952667,56.84314259730484,0
2026-01-11 19:00:00,42.06386404743102,1.8500240651743032,229.42452891941534,55.7405128285385,0
2026-01-11 19:10:00,42.27190157668072,1.9051103265075453,231.62521776512057,53.61014396386696,0
2026-01-11 19:20:00,43.58323312292671,1.9564362754053204,232.46367831652228,55.850484369830376,0
2026-01-11 19:30:00,41.057683132473095,1.8267702672392006,231.87352808798445,57.26092632256306,0
2026-01-11 19:40:00,42.718659566662325,2.018158335511054,231.62061837645294,55.59424703745578,0
2026-01-11 19:50:00,41.53781062577292,1.8848125299614809,230.22757576725377,56.75112205847424,0
2026-01-11 20:00:00,40.90917451881561,1.91258960033377,232.095963700687,53.97047403298614,0
2026-01-11 20:10:00,40.55077966431631,1.8623528946503598,230.93820319939172,55.44964208062188,0
2026-01-11 20:20:00,40.467666804553915,1.7360526002910432,229.2478258047493,54.50248369400369,0
2026-01-11 20:30:00,43.63050217368218,2.008605447290582,233.3383613149673,56.509892818331906,0
2026-01-11 20:40:00,43.18948213226647,2.0047441682634464,233.0837348047498,55.38679214127481,0
2026-01-11 20:50:00,40.81079294439185,1.9312269734556482,232.02418403146123,56.3247645968969,0
2026-01-11 21:00:00,42.157104100313845,1.9670474630440558,232.26529293505763,56.87129004097206,0
2026-01-11 21:10:00,42.03994223228199,2.010933694930271,233.30748637797277,56.22719861152024,1
2026-01-11 21:20:00,41.78451573257752,1.8526373769833446,232.3150984483381,55.549475770464774,0
2026-01-11 21:30:00,41.6036871026832,1.94330826265056,233.15797835712377,53.59249312174794,0
2026-01-11 21:40:00,42.582170909541766,2.0571708293297055,231.74312115495837,55.03563675292933,0
2026-01-11 21:50:00,41.45624665528527,1.9012862272811957,233.70109465057206,54.19018074376185,0
2026-01-11 22:00:00,42.53328107397886,2.0331130901521117,232.5379391089175,54.42372185794201,0
2026-01-11 22:10:00,42.49617104534815,1.909097134399101,232.4118042423584,54.32802403125629,0
2026-01-11 22:20:00,42.75376753560549,2.0629262513173194,230.68047382056957,53.369955376974055,0
2026-01-11 22:30:00,41.86734798034345,2.0307384636929,232.57415491317528,51.85387035270481,0
2026-01-11 22:40:00,39.88425582402624,1.9123437310932665,231.2563743450631,53.73771917317378,0
2026-01-11 22:50:00,44.099325719002536,2.142681297654793,231.51334103681427,54.98008443922002,0
2026-01-11 23:00:00,41.96514797410965,1.998662895887188,231.32503348435006,52.61786220707644,0
2026-01-11 23:10:00,41.34665712314806,2.0005151284796074,231.0478463350055,54.61379963073159,0
2026-01-11 23:20:00,44.2107780740598,2.089259827370711,234.90053431155542,57.39086838532804,0
2026-01-11 23:30:00,44.816561260733735,2.172954962957549,233.97152856790626,56.02528600761956,0
2026-01-11 23:40:00,42.312834869301874,2.007615488386834,234.70110484124348,56.90629979375972,0
2026-01-11 23:50:00,44.382919423153744,2.1015973294863026,230.95155748650515,54.9780216015969,0
2026-01-12 00:00:00,44.30491285022334,2.1387113052304922,232.52652571241438,56.092997643310504,0
2026-01-12 00:10:00,43.579514653429314,2.167555716488659,230.91042036022768,53.20625476192275,0
2026-01-12 00:20:00,42.992554046021205,2.1338790336209277,231.6490191749366,53.27623118510946,0
2026-01-12 00:30:00,43.83115990664988,2.0980100194763747,231.4029360675915,50.08464672966461,0
2026-01-12 00:40:00,43.15395882770843,2.0687226191550674,234.01263332306542,55.92327136678657,0
2026-01-12 00:50:00,43.93232337442952,2.149324967518916,232.0697064224394,56.40532083627639,0
2026-01-12 01:00:00,42.16852801850108,2.0641089845009364,233.8468890779053,53.215941225108146,0
2026-01-12 01:10:00,41.470610627142364,1.9235587653209854,233.3090300362145,53.61574718861113,0
2026-01-12 01:20:00,43.79866265084574,2.1995153822491993,235.36729880445074,52.81694956443756,0
2026-01-12 01:30:00,44.763299987919446,2.244163345074859,230.84603986449756,54.472896273806874,0
2026-01-12 01:40:00,42.769457293058416,1.9900031856841618,234.15048386616206,55.53759808364991,0
2026-01-12 01:50:00,42.65075575819745,2.105376934165187,234.0327516675497,51.18743960309317,0
2026-01-12 02:00:00,43.633189831067604,2.2427308817626948,231.50617150770816,54.367273497342715,0
2026-01-12 02:10:00,45.435035484090264,2.3647640519591033,233.89957176499064,53.28975086865603,0
2026-01-12 02:20:00,44.96881083618958,2.208713721399159,233.11075089962375,53.82662246210821,0
2026-01-12 02:30:00,43.787946534988336,2.155612982560473,232.45034759267824,54.296928570386065,0
2026-01-12 02:40:00,64.09783486636425,3.705938957208289,216.7501131678165,68.27817975851545,1
2026-01-12 02:50:00,65.38166502552497,3.837190015338309,216.89099312049026,68.35729293582477,0
2026-01-12 03:00:00,64.1916768210903,3.682061119854836,220.22835739212445,68.14419899529923,1
2026-01-12 03:10:00,63.163709544907825,3.6762477538459204,217.78362808944044,69.87297807755755,0
2026-01-12 03:20:00,64.32842624195555,3.707912422753165,218.73515572984056,68.99829399161408,0
2026-01-12 03:30:00,63.2027122635485,3.676515796542057,216.86087452829523,68.65384261781324,0
2026-01-12 03:40:00,64.1703598288887,3.7687447816936634,216.88704525956155,66.3695206912245,0
2026-01-12 03:50:00,65.84483576119972,3.8949509352927767,219.13372450735255,67.6612320234349,1
2026-01-12 04:00:00,64.82841607282356,3.796762515535153,216.22788220708185,69.53043583251556,0
2026-01-12 04:10:00,64.55347267401022,3.756559045729121,217.36070316780686,68.19248916072101,0
2026-01-12 04:20:00,64.76264592711232,3.7591228813588904,217.91093190429444,69.07894011846366,1
2026-01-12 04:30:00,60.842661860983554,3.6630199918023467,218.01443700779916,70.6933002617329,1
2026-01-12 04:40:00,65.25396576702818,3.864216286034152,217.67611870059636,69.55552695732962,0
2026-01-12 04:50:00,64.66818622424974,3.79271535237829,218.3758034192994,68.09164088888699,1
2026-01-12 05:00:00,65.94186148442503,3.7897591863835896,218.74158238116055,67.13990996381978,0
2026-01-12 05:10:00,67.41460584153302,4.064779761254077,218.80060161505318,64.03076902068895,0
2026-01-12 05:20:00,65.54868576049789,3.8382412365134235,216.74449698289953,67.56342961559903,0
2026-01-12 05:30:00,65.51446340221285,3.7590818356438542,217.59444301867353,67.28212023759863,0
2026-01-12 05:40:00,63.902032422939726,3.7898729419707418,219.37665349849715,68.31204313917706,0
2026-01-12 05:50:00,66.64845316498118,3.920484048118473,219.02356378930506,67.45121822210274,0
2026-01-12 06:00:00,64.8560392445208,3.842165426966133,216.3091439929181,67.15731247885248,0
2026-01-12 06:10:00,63.61258717060871,3.722403721521779,218.38447742671602,64.92484188671452,1
2026-01-12 06:20:00,65.70349052937021,3.915231458332811,215.5944945425526,66.14027935718464,1
2026-01-12 06:30:00,64.26504665303108,3.7923321278017235,218.02988621881642,68.22174345539341,1
2026-01-12 06:40:00,69.15693592108457,3.9995996789688237,220.2556196376029,70.03741345540735,0
2026-01-12 06:50:00,67.11455715886441,3.9399520146755043,216.84509748475529,67.27430269029102,0
2026-01-12 07:00:00,65.8606183732563,3.8214333157586897,216.98518459856004,67.86960407224569,0
2026-01-12 07:10:00,67.12410495521922,3.963228391479148,218.90654488412045,68.76416360235751,0
2026-01-12 07:20:00,64.52064806454837,3.869559244488362,216.141217085093,66.07693082081457,0
2026-01-12 07:30:00,66.7038087976062,3.9355907712953315,217.23567504022878,67.80158881880166,0
2026-01-12 07:40:00,66.85268195660103,3.9092386336557694,218.71264465423533,66.09900348406786,0
2026-01-12 07:50:00,64.25282880889763,3.8056944277956903,217.23723822303964,68.4656252148057,0
2026-01-12 08:00:00,65.74585384074945,3.824712569326874,217.71621471577484,67.35442620128444,0
2026-01-12 08:10:00,67.19374079903835,3.9612365434295964,218.8929303661474,67.53421968805986,0
2026-01-12 08:20:00,66.7097741023687,3.8545492427453327,218.50582289790887,65.8721557520661,0
2026-01-12 08:30:00,65.07633434953462,3.8513784561218727,218.31974101828138,68.06640926089,0
2026-01-12 08:40:00,64.0913520957682,3.809446127682923,217.59173487768257,70.09303658803293,0
2026-01-12 08:50:00,65.94917447280497,3.921775122899053,218.44140908330786,65.41450954850771,0
2026-01-12 09:00:00,68.7983852063679,4.054765305104431,217.8470423334318,66.37745582537184,0
2026-01-12 09:10:00,63.525281838895324,3.806080892210191,218.54260604188113,67.1955340812606,0
2026-01-12 09:20:00,64.42064770923398,3.8949847074794763,217.39417095269482,67.98907590625399,1
2026-01-12 09:30:00,67.2775511722955,4.007431207354195,217.76818942856525,65.93180992926024,1
2026-01-12 09:40:00,65.48567179982275,3.889330887430749,216.7956389065392,62.48356957528809,0
2026-01-12 09:50:00,66.32303335458973,3.932982302636298,217.93742900577996,68.73421159083256,0
2026-01-12 10:00:00,65.53527940973662,3.8127327251574044,217.00162145047122,67.79882932255828,0
2026-01-12 10:10:00,65.92664872376062,3.9327613392785574,216.6328862857086,64.00662583124837,0
2026-01-12 10:20:00,64.41902171199314,3.884138400998991,218.27459092625693,65.67300881557685,0
2026-01-12 10:30:00,68.29342988470339,3.9784218738956683,218.2134776529508,68.90029208475832,0
2026-01-12 10:40:00,66.36272457068793,3.9948480703461295,218.89116856579415,68.68371470065456,0
2026-01-12 10:50:00,67.66914350934448,4.107156052018977,217.42743836204212,67.8843305345727,1
2026-01-12 11:00:00,67.25582722514139,3.9463353978999933,218.42706130611558,66.17690463721459,1
2026-01-12 11:10:00,65.97137685945165,3.9258422521900735,218.59050485857486,66.53061309367868,0
2026-01-12 11:20:00,66.06966341284439,3.9149831877218446,218.45496848730022,66.17516131888483,0
2026-01-12 11:30:00,65.92470800439335,3.8706732692512165,216.92169120680163,68.02969060456502,0
2026-01-12 11:40:00,67.00631101177345,3.9253398439233003,218.08249244476036,64.98971448686167,0
2026-01-12 11:50:00,65.40161358850742,3.8738042882610357,218.33055163328635,65.0612954303305,1
2026-01-12 12:00:00,67.13877604677899,3.9099295745381726,217.89207233379588,67.75229660636373,0
2026-01-12 12:10:00,65.67609307627673,4.0007182188570765,215.36910934447343,66.13760866468672,0
2026-01-12 12:20:00,65.46371291226735,3.8134866114622366,218.05444556224813,68.23949758473115,1
2026-01-12 12:30:00,66.39535657606373,3.983742303497822,220.50542358022568,65.13255676183067,1
2026-01-12 12:40:00,68.10308479569926,3.9963062103440925,217.40642216284422,66.02607206682026,1
2026-01-12 12:50:00,65.85220042898825,3.879720139557464,216.95241621527887,64.69342383788575,0
2026-01-12 13:00:00,63.344887136806406,3.7174901854960276,218.26132487797176,66.05728333750956,0
2026-01-12 13:10:00,65.71891128189209,3.836530883881272,218.17491875905725,63.79801028287221,0
2026-01-12 13:20:00,67.69306020171639,3.9866802144840396,219.2176679007314,65.2543703435452,0
2026-01-12 13:30:00,66.23312900196628,3.8787020505308027,216.26282934377832,63.801830878800075,1
2026-01-12 13:40:00,64.10745228674209,3.798045954162161,218.63537970087222,66.96789210265631,0
2026-01-12 13:50:00,64.94476790465205,3.834915585265241,218.45125124952688,66.97309413506662,1
2026-01-12 14:00:00,66.55169355018428,3.939704513273923,217.55676176164823,63.27442907782768,0
2026-01-12 14:10:00,66.22172015183607,3.9132019518012666,218.11792907648245,67.84267785417293,1
2026-01-12 14:20:00,65.99818794544056,3.8472092732227523,218.9305962948645,69.56041379953103,0
2026-01-12 14:30:00,63.91598933055203,3.8336919383701136,218.72534766804083,65.85616113138587,1
2026-01-12 14:40:00,65.51118406858262,3.828266079234659,216.2898494115886,64.7987618836587,0
2026-01-12 14:50:00,64.53826792289944,3.7822389183433893,218.62814993457718,69.97063483635415,0
2026-01-12 15:00:00,66.56297326075837,3.9815443822597154,217.548408195437,63.7298184607999,1
2026-01-12 15:10:00,64.74127258864587,3.822670362530763,217.6951475375487,65.71299233626412,0
2026-01-12 15:20:00,66.55891376506872,3.941830976945212,217.6767916599822,65.92725918575394,0
2026-01-12 15:30:00,64.44941376208725,3.962028095919075,217.3895158160785,67.65097456213414,1
2026-01-12 15:40:00,65.94520921178926,3.915916075516092,218.98030700384268,66.14872561984305,0
2026-01-12 15:50:00,64.4172797223344,3.797115554544947,217.4298485875478,64.83746942379277,0
2026-01-12 16:00:00,66.1711731194813,3.8594049090375053,216.16651156154836,64.13538827651055,0
2026-01-12 16:10:00,64.78847028020625,3.8205013373081287,217.01699568746173,65.02662044615892,1
2026-01-12 16:20:00,64.32135906150087,3.7453423504745893,217.6825408364554,64.0065965405112,0
2026-01-12 16:30:00,66.69341899270012,3.8386617042197178,218.92165494237176,65.5668082645127,0
2026-01-12 16:40:00,64.8285980607708,3.7133391597229717,218.14841857225124,64.62730920716913,0
2026-01-12 16:50:00,66.9972441024132,3.8975030145913503,216.38179150969813,63.21153261502975,0
2026-01-12 17:00:00,64.38967289729847,3.760024608796948,220.36201526269076,67.31474855281125,0
2026-01-12 17:10:00,65.7180900383659,3.80787322048254,217.67449941739744,64.6654184435962,0
2026-01-12 17:20:00,65.21144526939861,3.8089132248794484,218.8638513710021,63.49007818322139,0
2026-01-12 17:30:00,64.67491378987765,3.7598930481410298,217.12757402002396,65.12071161871884,0
2026-01-12 17:40:00,65.86741373238536,3.8217839625999197,217.9255504136785,65.45693728527965,0
2026-01-12 17:50:00,64.09947762670069,3.73098924267784,218.26841239742552,62.716424021972635,0
2026-01-12 18:00:00,66.80991681902556,3.8327108067022553,218.6980614335876,65.81580616874528,0
2026-01-12 18:10:00,63.47846584718292,3.649248936881523,218.47989792737448,63.730277035368516,0
2026-01-12 18:20:00,65.39046615831984,3.760855198561692,218.2321750694508,67.85070521728272,0
2026-01-12 18:30:00,67.66946171356561,3.8995763784297015,216.78157581440226,66.05372296657406,0
2026-01-12 18:40:00,64.50320242553144,3.658054997279698,216.44738841837068,64.65202562609404,0
2026-01-12 18:50:00,63.05601603667958,3.677386120922342,217.50608310550706,64.1186921770632,0
2026-01-12 19:00:00,65.44856900282147,3.7661499226538373,218.19984899703687,65.0640368441221,0
2026-01-12 19:10:00,65.36197819613506,3.7327454014356722,216.785646675745,66.12619693794817,0
2026-01-12 19:20:00,65.50468720657769,3.739683482389894,218.30361331873567,65.15477134772442,0
2026-01-12 19:30:00,64.18323649477432,3.743937610019285,218.7407260319465,64.85375673966605,0
2026-01-12 19:40:00,64.59094611362971,3.7486680039267015,215.869867693221,65.25401484285518,1
2026-01-12 19:50:00,66.15115286437413,3.779674767156468,215.93670708730704,64.24811881606132,0
2026-01-12 20:00:00,64.19748066493885,3.7166164087458275,216.74381771776433,64.62703073418092,0
2026-01-12 20:10:00,63.843081682187595,3.6573889102982062,217.25236005891443,62.00156918960579,0
2026-01-12 20:20:00,65.98002991713315,3.7232833517868156,216.22440725915106,66.57975238791677,0
2026-01-12 20:30:00,65.9680520055471,3.8141881547825123,218.44690404271867,65.55675298542427,0
2026-01-12 20:40:00,63.48757072285465,3.6442421677031995,217.30322917726386,63.93825496248721,0
2026-01-12 20:50:00,62.519443186798696,3.569483851380773,216.8114931533224,67.93691376620845,1
2026-01-12 21:00:00,65.31040216404041,3.728547001125623,215.0105973728886,65.21019969518036,0
2026-01-12 21:10:00,62.91103386639478,3.6228284159419695,215.12397104256706,63.51681532544746,0
2026-01-12 21:20:00,61.645761523440974,3.451070725055196,217.00915626089116,66.34798541725861,0
2026-01-12 21:30:00,64.89608516453826,3.685053450536025,214.0815643094103,65.65229391941673,0
2026-01-12 21:40:00,64.18924149144748,3.5667619867922427,217.82432149984686,65.63992835619896,0
2026-01-12 21:50:00,64.1184191357142,3.594630270553281,216.38759811505878,64.40275694435067,0
2026-01-12 22:00:00,63.50107179580679,3.6206753032372228,220.43707394900875,65.71096176718322,0
2026-01-12 22:10:00,64.63406152030686,3.601563149332273,219.2826000836952,64.63690505041718,0
2026-01-12 22:20:00,64.04170702812112,3.6352510903603,216.26286347843194,65.85827600905964,1
2026-01-12 22:30:00,62.231204084552154,3.535796408451405,216.32026839595778,62.162266055887464,0
2026-01-12 22:40:00,63.83037925984118,3.6037959018734504,217.60961482608502,64.36468947532325,1
2026-01-12 22:50:00,64.15976851820884,3.534070725596433,218.42554727356742,67.5950476952722,0
2026-01-12 23:00:00,64.1711844847235,3.606004387005127,214.38271251103973,63.85802805856568,0
2026-01-12 23:10:00,63.88990581932669,3.5881752767920534,214.1710933832996,64.10018512144893,1
2026-01-12 23:20:00,63.48266052080064,3.4561415336123704,215.53449331075618,64.33181328761788,0
2026-01-12 23:30:00,63.21962083168911,3.6098735605359726,216.9462111694265,63.17985843937095,1
2026-01-12 23:40:00,61.70915267408214,3.4721270794089767,216.8089705407619,61.68845861584336,0
2026-01-12 23:50:00,62.7130187925933,3.5716519411947716,217.46205465528683,64.6543122272382,0
2026-01-13 00:00:00,63.62684314823385,3.52839066188506,214.70411444092645,65.203792982635,0
2026-01-13 00:10:00,64.83988230016587,3.638063127353282,213.32962269621981,64.92155826064212,0
2026-01-13 00:20:00,63.76965598540697,3.4651355075234713,217.10368294469833,64.7838100017131,1
2026-01-13 00:30:00,62.685273708253796,3.4470785899863747,215.04513314071744,65.0670010151452,1
2026-01-13 00:40:00,62.494910498140875,3.4654915028609405,213.5815236522087,66.53851353229493,0
2026-01-13 00:50:00,62.45333608102394,3.434825007893423,216.14236917832247,64.72089323287852,0
2026-01-13 01:00:00,63.540561608315954,3.5151254295619223,216.884535808968,64.14824917253264,0
2026-01-13 01:10:00,59.91587203629348,3.313895462935472,215.75054298811344,64.59099439575996,0
2026-01-13 01:20:00,63.47148191506989,3.3509986714005713,215.3117398905642,65.8855110752374,0
2026-01-13 01:30:00,61.873136128328696,3.341987866359104,215.63393512855401,67.1388379126808,0
2026-01-13 01:40:00,63.54269075922911,3.495584576788628,215.34435341429048,64.08338656146702,0
2026-01-13 01:50:00,64.50583518117,3.548589083522304,214.13515582900197,65.17930486175665,0
2026-01-13 02:00:00,62.7795885259104,3.3955994233354927,214.85883755970022,65.54423926055077,1
2026-01-13 02:10:00,62.07368393183008,3.382703386641121,216.30552032232586,63.55413132954128,1
2026-01-13 02:20:00,61.91104599349578,3.3941085761895504,216.0294225039969,65.08041502847678,1
2026-01-13 02:30:00,63.77289271550877,3.473794542745483,215.80840330831035,62.85856444661423,1
2026-01-13 02:40:00,61.57053513408634,3.299043563897775,214.37578184916225,62.411280020345885,0
2026-01-13 02:50:00,61.806371350310606,3.384739574931926,215.31529566396497,65.62324884146078,0
2026-01-13 03:00:00,64.02840738590211,3.4361778385622896,212.883677538232,64.50608355426496,0
2026-01-13 03:10:00,62.74051845483743,3.3907982669390186,215.6733062027594,65.39457452066667,1
2026-01-13 03:20:00,62.70304594503574,3.358485681552029,217.13667032882114,65.07406056721442,1
2026-01-13 03:30:00,63.902425699404496,3.416073928759862,213.61592345128224,63.646541988837484,0
2026-01-13 03:40:00,59.345075703958415,3.1124683487616007,214.64454959500836,65.0539885197127,1
2026-01-13 03:50:00,62.75616605694681,3.37576215555457,215.7053174090931,63.2834337349006,0
2026-01-13 04:00:00,61.78225754163511,3.2620826579009274,216.77647840991253,67.23124663656367,0
2026-01-13 04:10:00,59.53890704556473,3.1609088974020882,214.6978330167959,63.12302050655435,0
2026-01-13 04:20:00,62.29385389897253,3.341283607331924,214.36760064094867,64.87597034003592,0
2026-01-13 04:30:00,63.134409656079804,3.403387795581066,212.79816076074667,63.6193961182125,0
2026-01-13 04:40:00,60.89020078910878,3.275689542597771,215.24753664701313,66.05207222975478,0
2026-01-13 04:50:00,64.19312923071968,3.3561910223305134,217.53642521751254,64.71341073417165,0
2026-01-13 05:00:00,62.18441338800228,3.402306966622428,215.38127377418644,64.4471539732721,0
2026-01-13 05:10:00,61.94218387468693,3.3719721767944266,214.98421092608012,66.52003011250696,0
2026-01-13 05:20:00,64.05079232034043,3.391523782664005,215.35994484504917,65.29992339792571,0
2026-01-13 05:30:00,62.73726977413157,3.3133402855629104,214.92264018741588,66.04676831308853,0
2026-01-13 05:40:00,60.85002113243324,3.253746652037284,213.92284787305715,63.81630968907903,0
2026-01-13 05:50:00,60.35442180905811,3.113397482473217,215.84893141081608,63.19804129384881,0
2026-01-13 06:00:00,62.23111654648084,3.215815909529565,215.09446145113893,65.48351623810188,1
2026-01-13 06:10:00,60.58300330366516,3.162093138219599,214.80726320745208,64.86234007277395,0
2026-01-13 06:20:00,65.29209640017288,3.397388415757399,213.57830117129808,66.29863286082792,0
2026-01-13 06:30:00,59.98950045222394,3.2039127769925457,216.2756022800547,65.25795351733143,1
2026-01-13 06:40:00,61.94681222322258,3.22222347294249,215.4717335081275,65.704726763884,1
2026-01-13 06:50:00,62.667824703885906,3.2509844142251505,213.97333358362283,62.981797803615756,1
2026-01-13 07:00:00,61.96792006475053,3.20496952545183,215.80183353084948,68.26974316046545,0
2026-01-13 07:10:00,62.767952604162474,3.33182056206452,213.96542637319277,65.21139721343498,0
2026-01-13 07:20:00,60.4656880057172,3.141261188337406,213.5870432177726,66.52526730662646,0
2026-01-13 07:30:00,61.74882528482367,3.2016219587673618,213.5768138452172,64.24632811347018,0
2026-01-13 07:40:00,61.09510472853797,3.1217615150339224,212.32626542735696,65.98450918949612,1
2026-01-13 07:50:00,60.37850867615702,3.0707906926175808,214.98057434699112,63.59070365508862,0
2026-01-13 08:00:00,61.35330863717701,3.1228137365561706,212.1806168841737,66.24599452117832,0
2026-01-13 08:10:00,60.45380047835179,3.164286383896009,212.86722257603296,65.05729680765333,0
2026-01-13 08:20:00,60.62243720291806,3.1285323093621074,211.81411690994386,65.65884973111136,0
2026-01-13 08:30:00,59.86417043587359,3.103244813507337,214.1651148568421,66.68626955132746,0
2026-01-13 08:40:00,59.56092910345551,3.042031639429071,214.05170421446576,63.815178635741674,0
2026-01-13 08:50:00,61.80799284891855,3.1439253159173743,213.80386357413707,64.6623657005691,1
2026-01-13 09:00:00,59.80551387737748,3.026372622846395,212.90874169866538,66.4006349981126,1
2026-01-13 09:10:00,63.72774934647204,3.2038725160942096,212.71722160453794,68.88795459986795,0
2026-01-13 09:20:00,61.38816814399109,3.146123773489337,214.64535000982275,65.55989863183271,0
2026-01-13 09:30:00,59.81804228036815,3.0195292113093943,213.39179040197678,66.6805493507471,0
2026-01-13 09:40:00,60.95638728628178,3.1081468849306155,214.39657730466513,65.66063162108723,0
2026-01-13 09:50:00,60.01529040722916,3.069608220136115,212.91929709424895,68.76211875765816,1
2026-01-13 10:00:00,61.456216159241855,3.1523598976764298,214.16367813132797,63.25599452622866,0
2026-01-13 10:10:00,63.27459298970564,3.2312564414339544,215.47530842959932,66.04724756869479,0
2026-01-13 10:20:00,59.48749006270949,2.971351463914356,214.57991578558384,63.49589839134947,0
2026-01-13 10:30:00,60.77400395294434,3.1280636523987315,213.34693782550556,62.203662101056985,0
2026-01-13 10:40:00,60.4304000365833,3.1036996972943243,214.1159717150628,66.43942119639888,0
2026-01-13 10:50:00,61.57528284450611,3.168019672686907,213.48421963626978,66.23258414465278,0
2026-01-13 11:00:00,61.5181294860146,3.129324612332039,213.74835067587543,65.62658904046884,0
2026-01-13 11:10:00,61.392764728125606,3.050222838313564,213.31423484537504,65.92545492093987,0
2026-01-13 11:20:00,60.053470448442695,3.083123415430185,213.47404186070065,70.76348833815547,0
2026-01-13 11:30:00,60.33057250791721,3.043389542860007,213.89223974666686,65.76045800389517,1
2026-01-13 11:40:00,62.47472295214663,3.191733229729408,212.41239375096595,66.94497400142987,0
2026-01-13 11:50:00,60.10127883803019,3.1060963714511596,212.35228412144372,65.2381889968169,0
2026-01-13 12:00:00,42.6312824506749,1.7553837134829942,226.87222539802102,51.68791262870253,0
2026-01-13 12:10:00,40.88231417135843,1.5974912919100681,226.58551724608003,50.92091628395637,0
2026-01-13 12:20:00,40.2075982133364,1.5448863710900715,227.01270290874427,50.696064273062284,0
2026-01-13 12:30:00,40.15594394279304,1.479835887584099,228.6326352370581,54.074133808801285,0
2026-01-13 12:40:00,39.66287790724,1.4562156129064472,227.33801684658027,53.145872886975,0
2026-01-13 12:50:00,39.62986230767805,1.4734294675384396,228.99402939249762,51.61988683243424,0
2026-01-13 13:00:00,42.12994507302288,1.621383961563438,228.387932186492,47.993478896882515,0
2026-01-13 13:10:00,43.30459553627911,1.6407253069796832,225.95291267549118,50.943667922744126,0
2026-01-13 13:20:00,41.277275362918886,1.4737055083425405,229.07019373573732,55.575459539950344,0
2026-01-13 13:30:00,41.200233595808726,1.6721372033786361,229.22655479909594,51.21101003438434,0
2026-01-13 13:40:00,41.66786539668999,1.5623824088838656,227.03060747630423,53.248257530302986,1
2026-01-13 13:50:00,41.786184174017905,1.613423472506606,228.69739641401574,53.793114067073965,0
2026-01-13 14:00:00,43.469945080256586,1.7314697430139363,227.13557486813502,51.99575260699704,0
2026-01-13 14:10:00,42.44098683006497,1.6752102970913485,228.2510703648791,50.44201382102828,0
2026-01-13 14:20:00,41.73003482431106,1.583110368510427,226.58725256384463,48.08954682940071,0
2026-01-13 14:30:00,41.20411248886463,1.5345852684302954,225.92400379303814,52.806854943985726,0
2026-01-13 14:40:00,39.53227677735953,1.4351808829643593,227.5877324554657,50.59689286713831,0
2026-01-13 14:50:00,40.73649655690314,1.5513963824568848,227.8703250290007,52.12198738416857,1
2026-01-13 15:00:00,41.590051866919765,1.5937971851422237,227.5135803722283,50.022080253127214,0
2026-01-13 15:10:00,41.377009138071784,1.5336279180960437,226.54226950877063,51.53831382431797,0
2026-01-13 15:20:00,42.50930516280416,1.6041713528431112,227.45585573866776,52.026414470320155,1
2026-01-13 15:30:00,42.94381356542749,1.6230438168878314,228.23183928817636,52.41869442637143,0
2026-01-13 15:40:00,41.76894014124753,1.6012841803726272,227.82809168440934,50.38383735772044,0
2026-01-13 15:50:00,41.9648164873766,1.569801730977677,228.0745732316744,53.89199803631804,0
2026-01-13 16:00:00,43.286512820456785,1.6379748639096208,227.0253774913222,51.242140744924214,0
2026-01-13 16:10:00,43.75307042569405,1.6626684968236705,229.20986010018962,49.66691628951086,0
2026-01-13 16:20:00,41.4882582140631,1.5430611431014916,226.36701662132765,52.05650504401492,0
2026-01-13 16:30:00,43.84067603070285,1.7462953619583428,228.33847012099318,52.31330082493515,0
2026-01-13 16:40:00,42.74583978638886,1.6288080500813336,229.14699124236537,52.54459352252045,0
2026-01-13 16:50:00,41.98709693293877,1.6416227167008282,228.28149069101377,54.38914911647359,0
2026-01-13 17:00:00,43.38646840867357,1.7003354962297799,227.43740963881555,52.03378379676255,0
2026-01-13 17:10:00,43.65671166869468,1.6660417522865096,227.02288241360822,52.25179530835208,0
2026-01-13 17:20:00,44.346661749522006,1.7274825534284723,228.87691032332924,50.81947274147938,0
2026-01-13 17:30:00,43.140559798578856,1.678188219562271,225.90317124861178,53.74835670904851,0
2026-01-13 17:40:00,42.69151404414555,1.6103478680940377,226.42410138015532,52.83751543750729,0
2026-01-13 17:50:00,42.97088144420769,1.6925239701156476,227.08906733865973,51.974779529905774,0
2026-01-13 18:00:00,42.67067699656913,1.5765009755869275,229.02958761709868,49.79181787599763,0
2026-01-13 18:10:00,43.40211740389353,1.681212028652636,227.97877440418637,54.85969211917636,0
2026-01-13 18:20:00,43.20449713185967,1.6745280176897681,226.34043548146974,50.89602848100243,0
2026-01-13 18:30:00,43.05475113051115,1.665325354239434,227.1091485892592,51.89533225799663,0
2026-01-13 18:40:00,43.41948485050197,1.6766071936646236,226.72415101455894,53.36468865625452,0
2026-01-13 18:50:00,41.54691701308457,1.5413830024458564,226.5898096091972,51.07747489530519,0
2026-01-13 19:00:00,43.68194616578117,1.6531968884943529,228.59684123415593,50.67739978648831,0
2026-01-13 19:10:00,43.64235753818846,1.7098075862417528,225.75710215288674,49.77730397727415,0
2026-01-13 19:20:00,45.18122371689328,1.7205726625812172,229.31515682466804,54.09048535390831,0
2026-01-13 19:30:00,44.03535747504688,1.6310911794616605,228.36032996362783,52.23717423003344,0
2026-01-13 19:40:00,44.67166910648167,1.8201975316203862,228.6577343639023,57.492016911425424,0
2026-01-13 19:50:00,43.38309717934758,1.6553950500003758,226.775833228694,51.65592723710193,0
2026-01-13 20:00:00,44.72695322156169,1.8081038681200958,227.13450903364603,51.811816615710356,0
2026-01-13 20:10:00,44.51979821975661,1.7706888727386245,225.57815258614283,52.39261760991103,0
2026-01-13 20:20:00,45.20695481222001,1.690886561869696,226.6522589343197,53.652298890359674,0
2026-01-13 20:30:00,46.00256745947284,1.8907840036034513,227.85858340400918,52.62935298066901,0
2026-01-13 20:40:00,43.70838542017253,1.6595430641889484,228.80624417607774,54.30038392385911,1
2026-01-13 20:50:00,45.952563077052204,1.834939206282584,225.90758076745848,51.96139244197202,0
2026-01-13 21:00:00,45.04104963342196,1.8479217535713803,226.78319411189938,51.404433944547655,1
2026-01-13 21:10:00,43.62876633486545,1.7207866939737635,227.02630854856756,50.82719822499587,0
2026-01-13 21:20:00,45.45436006766399,1.8924848997452361,225.5194232117854,50.23700544080725,0
2026-01-13 21:30:00,44.19271478470178,1.7678228816232824,227.89093036003595,52.843252284245025,0
2026-01-13 21:40:00,43.42660918409198,1.8177458867146365,226.29990430172373,53.21701242888128,0
2026-01-13 21:50:00,45.86752774350264,1.8223820741584902,226.9220480942968,52.769587590860525,0
2026-01-13 22:00:00,46.63768392822454,1.79779693324699,226.60244537381868,55.630240387097636,0
2026-01-13 22:10:00,46.30312069402355,1.8804681807194856,226.18629263924726,55.65568905076249,0
2026-01-13 22:20:00,45.28449389178907,1.8862182589468177,227.1142069745055,53.360069934854685,0
2026-01-13 22:30:00,43.4787033142243,1.690063147851554,226.8535411521434,51.22013719751492,0
2026-01-13 22:40:00,46.63150130897092,1.9415674889991867,226.6561060785574,53.10981455370752,0
2026-01-13 22:50:00,43.485728607249115,1.7115605841062087,226.21869723631917,53.10909748531337,0
2026-01-13 23:00:00,47.48101923507411,1.9345654870267601,227.4672506684071,53.072183609387174,0
2026-01-13 23:10:00,47.63018175068614,1.9495592624659106,229.05958731381617,53.060458384181814,0
2026-01-13 23:20:00,44.21899734474006,1.779662826927817,227.2349937859599,53.17608237924874,0
2026-01-13 23:30:00,46.28212150203389,1.8416455103033518,228.254811734484,53.625788653420706,1
2026-01-13 23:40:00,46.27003408218371,1.7936749859210221,225.38400378829348,53.30169322270567,1
2026-01-13 23:50:00,47.4819570175724,1.872605528921658,227.23484462431713,54.61696692642115,0
2026-01-14 00:00:00,48.16009163339352,1.872868399400893,225.72241134287276,54.894584080997845,0
2026-01-14 00:10:00,46.660781222322285,1.9676369096849433,225.26112845171747,53.037675816385615,0
2026-01-14 00:20:00,49.8719418588683,2.0178795848706352,226.1408412341426,56.359913511346996,0
2026-01-14 00:30:00,47.82219884724704,2.0325351850086117,228.45347903809943,53.03294881274484,0
2026-01-14 00:40:00,45.8688450258932,1.8837642797365282,228.15879686388558,52.126117783311386,0
2026-01-14 00:50:00,46.94404776238578,1.9198857176417086,227.30642737851878,55.17380696736753,0
2026-01-14 01:00:00,44.984800162429515,1.80985950761005,225.17209131079125,53.42638855066686,0
2026-01-14 01:10:00,46.606091827684295,1.8879982385497593,226.77277244489656,55.18433360002803,0
2026-01-14 01:20:00,47.19427400604067,2.0376082676276805,227.3677939267439,51.14681889395737,0
2026-01-14 01:30:00,48.66716238650454,2.0976348873916533,227.21430992591468,56.890955877163,0
2026-01-14 01:40:00,47.08906967724967,1.8776211205592268,224.7894948556231,55.86068201896799,0
2026-01-14 01:50:00,46.855747092121526,1.9369621104520127,225.9325148675884,52.65151180081803,1
2026-01-14 02:00:00,47.62801647966566,1.9902432675931425,226.92332070149976,52.734055433704334,0
2026-01-14 02:10:00,48.24511596479553,2.0227681554278556,227.64354955362143,57.51061924837953,0
2026-01-14 02:20:00,47.77435676067654,1.9435863736006305,224.3649022644277,53.94614958770837,0
2026-01-14 02:30:00,47.06855218718801,2.050275589472884,226.80643077067046,53.85093599867769,0
2026-01-14 02:40:00,47.86171869746515,1.9864330688071148,227.17383054744485,51.753118738131995,0
2026-01-14 02:50:00,47.79248558217316,2.031163809797463,228.02336729667564,54.675997958971806,0
2026-01-14 03:00:00,48.72101293742026,2.083989578637296,227.83739104341925,54.910534016780424,0
2026-01-14 03:10:00,48.913161506698444,2.0487513535127846,227.70764436913817,56.37527604471441,0
2026-01-14 03:20:00,46.99445292999445,2.0212581394310813,226.05169442936207,53.25331151442135,0
2026-01-14 03:30:00,47.51867077205405,2.055309198249076,224.7255516515138,53.12135653285261,0
2026-01-14 03:40:00,46.97566624237148,2.0648922873779907,226.54748846232656,56.12804805955642,0
2026-01-14 03:50:00,47.75730241066114,2.0502149997049446,228.22557326726027,57.01147144037605,0
2026-01-14 04:00:00,49.26045691099969,2.0669348297746066,228.70068887033787,53.19436989578686,0
2026-01-14 04:10:00,50.107574257656644,2.223317866883392,227.88659500440693,57.22303653145852,0
2026-01-14 04:20:00,48.33634198961657,2.14804905836839,227.5550011548055,55.70668506774481,0
2026-01-14 04:30:00,48.18991672452852,2.0872452175554734,227.50167835775173,57.33762218094361,0
2026-01-14 04:40:00,48.51764220688946,2.174303783844613,226.3855484350018,55.644055506038335,0
2026-01-14 04:50:00,47.85736530340929,2.099458243397239,226.9040592100727,52.01536611008561,0
2026-01-14 05:00:00,50.43807240067967,2.2275796808397446,229.07071497301317,55.62014897321325,0
2026-01-14 05:10:00,48.64589360052064,2.1708135023628627,225.9449200601119,57.48754802576608,0
2026-01-14 05:20:00,49.86041092102921,2.140113877653285,229.02233921162025,54.605855787723456,0
2026-01-14 05:30:00,49.63517750389852,2.1919118481880004,226.70724139767427,55.41357523488481,0
2026-01-14 05:40:00,47.87632180942483,2.037758411190834,228.69371834161493,55.780270753377245,0
2026-01-14 05:50:00,48.11586773768637,2.0805557458543427,225.4249990460759,51.74404406312824,1
2026-01-14 06:00:00,48.85388537665516,2.0823835062845983,227.8266904058542,58.649070789737216,0
2026-01-14 06:10:00,50.20975683151732,2.196462161176234,226.25035893911294,54.838606246394335,0
2026-01-14 06:20:00,51.48592739317294,2.330683112134111,225.44748794091996,56.997774188624,0
2026-01-14 06:30:00,52.187997527858776,2.377564292247066,227.41982085270487,56.15749669329582,0
2026-01-14 06:40:00,50.17562339169795,2.2570031155851513,228.3811617010515,58.22222558589372,0
2026-01-14 06:50:00,50.63137986930277,2.2528429515187756,226.16852359503528,56.99299621024635,0
2026-01-14 07:00:00,47.86344939086264,2.0754220335238895,225.39673217134478,56.079502254522936,0
2026-01-14 07:10:00,49.36598182005578,2.182736207276087,227.0988737986403,55.139449470552684,0
2026-01-14 07:20:00,48.991699244385416,2.169680413071646,227.1181373876546,57.724183637954205,0
2026-01-14 07:30:00,49.077393716305416,2.1894952291910883,227.89544949285695,53.7647783670127,0
2026-01-14 07:40:00,49.401279019233925,2.232075793365243,228.3918172233598,57.591151197702246,0
2026-01-14 07:50:00,49.96921827008694,2.2140261067912186,227.1962726400771,55.02096145409508,0
2026-01-14 08:00:00,49.16063271707831,2.0996147083478838,229.50986889173325,58.59500013703443,1
2026-01-14 08:10:00,51.727699462345335,2.3238536738004423,227.56846514812855,57.00539836473169,0
2026-01-14 08:20:00,48.32538338210969,2.1841579665638515,226.90021215402479,57.77633276571543,0
2026-01-14 08:30:00,51.410067427149784,2.294965725700129,225.3990030182769,56.97964738467704,0
2026-01-14 08:40:00,52.08772824499,2.4474908313864354,227.0350690442604,54.27442990635897,0
2026-01-14 08:50:00,49.89680949667499,2.2136390697817436,226.96438676999688,55.658042891138884,0
2026-01-14 09:00:00,47.33325803643048,2.0902775824854745,228.53861873253865,58.00366681777105,0
2026-01-14 09:10:00,50.25745915529599,2.2752139174201935,227.95984359104648,57.29081320589724,1
2026-01-14 09:20:00,51.74327099863291,2.39144546310838,226.00863604621108,58.857856925072184,0
2026-01-14 09:30:00,51.33977490008421,2.4651895823519707,227.65000251953379,57.73661786345756,0
2026-01-14 09:40:00,49.77476202277683,2.2151875075631238,228.26895240518792,55.72677396581047,0
2026-01-14 09:50:00,51.97678552745827,2.3581916856738143,229.31696675677108,56.02763369737999,0
2026-01-14 10:00:00,50.01538772335559,2.286007805914959,228.56894123749916,57.42078692070333,0
2026-01-14 10:10:00,51.459352421284756,2.3194043800082293,228.43794981772,53.83979902768101,1
2026-01-14 10:20:00,53.037385976243314,2.5439441742814597,227.61842110608148,59.8652511622914,0
2026-01-14 10:30:00,49.80415222534499,2.21654258416531,228.03405978188266,58.061696138728195,0
2026-01-14 10:40:00,49.36160051207205,2.3613281796794796,229.0896387007655,59.28337572443589,0
2026-01-14 10:50:00,52.82986293458747,2.3825568497684304,226.0134239087054,55.11542143200237,0
2026-01-14 11:00:00,52.79162853509247,2.4359786393330376,227.21632656067888,59.39642996744014,0
2026-01-14 11:10:00,50.60998309265324,2.3607890812877357,226.73183764678078,60.91983252102532,0
2026-01-14 11:20:00,49.64110082670224,2.3812879923769046,228.13753606867303,55.634011292722505,0
2026-01-14 11:30:00,50.5601123002602,2.3288629312048488,229.18281321438025,58.814914658745785,0
2026-01-14 11:40:00,49.988682817553425,2.385131766156111,227.0145300843588,57.701694245040926,0
2026-01-14 11:50:00,50.727539984223704,2.3394075872782323,224.88724115466465,55.42532591657468,0
2026-01-14 12:00:00,51.632886768509266,2.4197033386717473,227.28599935073694,58.52297581227799,0
2026-01-14 12:10:00,49.73467735453548,2.343375392662985,228.90223733902207,59.0754494646436,0
2026-01-14 12:20:00,51.8935050746999,2.4059297104065687,228.4769721572529,56.964467129160155,0
2026-01-14 12:30:00,51.278864823862435,2.376087813486044,228.3717259584937,59.655857426014734,0
2026-01-14 12:40:00,52.501294238248235,2.471028651839283,227.54833138466194,55.44737252707451,0
2026-01-14 12:50:00,50.68613447199387,2.37919655431358,226.37623791941058,55.74562365990277,0
2026-01-14 13:00:00,48.026260568887444,2.2436755570570845,228.55650583509885,58.23259544198113,0
2026-01-14 13:10:00,52.603061848371766,2.4885277747620984,226.96441448283687,58.1054159671654,0
2026-01-14 13:20:00,49.63411131474645,2.3170163463730162,230.61418661892247,57.03180978793089,0
2026-01-14 13:30:00,49.07607880354366,2.3389187143079204,228.7059106202745,59.360082980471766,0
2026-01-14 13:40:00,51.03269793004116,2.3451557260417837,227.35286460610897,58.98073953727351,0
2026-01-14 13:50:00,53.42661455658925,2.5041951669699185,227.34462561061258,59.50999497463331,0
2026-01-14 14:00:00,48.53581150934203,2.224659981557606,227.99570046145257,58.076147741535394,0
2026-01-14 14:10:00,55.11382191888087,2.6476494002343274,227.84907254578607,59.20246274034075,0
2026-01-14 14:20:00,51.64110472485994,2.482071014613745,229.50620789768442,57.66752697115266,0
2026-01-14 14:30:00,50.48244048493441,2.416243506078853,228.4195258431953,61.45380695068939,0
2026-01-14 14:40:00,50.009425042772406,2.3946314475138193,227.3479693237144,57.1909994451577,0
2026-01-14 14:50:00,51.89044663549171,2.4223462642995464,230.52483439872654,61.60416245034079,0
2026-01-14 15:00:00,50.38937172158305,2.441510907880389,228.34612618920497,58.5346018138413,1
2026-01-14 15:10:00,51.53206022454283,2.4515976126705885,229.24048207699443,56.45470892182049,0
2026-01-14 15:20:00,50.50063988799664,2.444427988446084,227.6191837600415,60.60544785027896,0
2026-01-14 15:30:00,50.08111477839523,2.4069853645179764,228.81623338212063,58.777179145589585,0
2026-01-14 15:40:00,50.805677291720414,2.38371119301156,228.78551872247036,59.899652619302564,0
2026-01-14 15:50:00,49.8172822523136,2.3869159665823725,226.17654777944705,60.4930274646531,0
2026-01-14 16:00:00,49.71062327474793,2.3827851276734036,230.8946403613809,59.198088311852764,0
2026-01-14 16:10:00,52.01302644408612,2.4882800128735396,230.05750495422768,57.83633599478991,0
2026-01-14 16:20:00,51.76819105744946,2.4441045318681254,228.06475160169128,60.221437143264616,0
2026-01-14 16:30:00,47.655278932158396,2.160271849564557,227.25154457793818,58.791794369118115,0
2026-01-14 16:40:00,50.14269578689657,2.446699752809292,229.02444725615095,59.85186280407241,0
2026-01-14 16:50:00,49.74353628612906,2.408373650793648,228.74473320707094,55.62451287927442,0
2026-01-14 17:00:00,49.8927018345161,2.389708006564817,229.1010337427261,59.557228471616796,1
2026-01-14 17:10:00,49.64517776397858,2.3583767060308802,228.93786606526794,57.96013564217424,0
2026-01-14 17:20:00,50.11802331076239,2.4774848969941705,229.34940643894743,61.428845521276344,0
2026-01-14 17:30:00,51.08112178530786,2.4613006762980016,230.51282472586558,59.91398388814313,0
2026-01-14 17:40:00,48.91638558152232,2.3214568315513486,229.49211360603005,59.36921335391386,0
2026-01-14 17:50:00,48.71953193148854,2.4134864038886996,227.58532090864378,59.76856465466333,0
2026-01-14 18:00:00,47.876157158581265,2.3006724942874603,230.5146811589026,57.57070740822045,0
2026-01-14 18:10:00,47.709501937987994,2.265367035031789,230.8832164994699,61.53211591274667,0
2026-01-14 18:20:00,48.66001805315535,2.3227802758263127,232.73199000277893,62.11273897432568,0
2026-01-14 18:30:00,51.38713589281033,2.43894113507339,227.63653611461996,59.743093517371754,1
2026-01-14 18:40:00,50.24079648250286,2.443083689471797,229.31155303746618,61.56695314039527,0
2026-01-14 18:50:00,48.98371290366316,2.404617819425149,226.55709495325914,58.35483189421709,0
2026-01-14 19:00:00,49.84914499836855,2.4181705251940833,229.75505871862643,58.03966939566738,0
2026-01-14 19:10:00,49.16493209631903,2.3979049413015256,228.46924769274995,59.323088890432146,1
2026-01-14 19:20:00,48.442978059913656,2.3015973272839925,231.47116771463487,59.94004918059918,0
2026-01-14 19:30:00,49.56650270236878,2.3836336734087635,228.2695702815458,58.72216469670195,0
2026-01-14 19:40:00,50.272714207117026,2.4091370194924857,227.20828922243777,60.144872788761056,0
2026-01-14 19:50:00,49.275816281147605,2.401333914397118,228.7061124830195,59.82244669252502,0
2026-01-14 20:00:00,50.76662988680235,2.4318536365710406,226.93747755675727,57.88960799007365,0
2026-01-14 20:10:00,49.70138676609387,2.389020141733266,230.24592425174882,60.18902465962371,0
2026-01-14 20:20:00,48.134304968618196,2.3559540197623865,226.90314967910464,60.72945339782666,0
2026-01-14 20:30:00,50.77124360934758,2.408801380532108,229.45213953883683,59.71424749861992,0
2026-01-14 20:40:00,48.303899942436786,2.316289587599149,226.96144830220385,61.2084524646788,0
2026-01-14 20:50:00,46.5713583294159,2.2429558828432303,229.10738234807894,57.67536346279467,0
2026-01-14 21:00:00,48.903770156842604,2.2954296662663634,231.5007901426157,60.224933486327615,0
2026-01-14 21:10:00,48.54202503587798,2.2437285943413605,229.99858410148622,57.788673196608265,0
